-- phpMyAdmin SQL Dump
-- version 4.5.1
-- http://www.phpmyadmin.net
--
-- Хост: 127.0.0.1
-- Время создания: Дек 18 2016 г., 13:58
-- Версия сервера: 10.1.19-MariaDB
-- Версия PHP: 7.0.9

SET SQL_MODE = "NO_AUTO_VALUE_ON_ZERO";
SET time_zone = "+00:00";


/*!40101 SET @OLD_CHARACTER_SET_CLIENT=@@CHARACTER_SET_CLIENT */;
/*!40101 SET @OLD_CHARACTER_SET_RESULTS=@@CHARACTER_SET_RESULTS */;
/*!40101 SET @OLD_COLLATION_CONNECTION=@@COLLATION_CONNECTION */;
/*!40101 SET NAMES utf8mb4 */;

--
-- База данных: `aoz`
--

-- --------------------------------------------------------

--
-- Структура таблицы `email_detail`
--

CREATE TABLE `email_detail` (
  `id` varchar(50) NOT NULL,
  `USERNAME` varchar(255) NOT NULL,
  `PASSWORD` varchar(255) NOT NULL,
  `HOST` varchar(255) NOT NULL,
  `TYPE` varchar(55) NOT NULL,
  `PORT` int(11) NOT NULL
) ENGINE=InnoDB DEFAULT CHARSET=utf8;

--
-- Дамп данных таблицы `email_detail`
--

INSERT INTO `email_detail` (`id`, `USERNAME`, `PASSWORD`, `HOST`, `TYPE`, `PORT`) VALUES
('002553b4-ec51-4a6d-8a91-d92cc2f8d0df', 'kukanabiev99@gmail.com', 'T1ahYFB+a3kUEMhCFsYj/w==', 'smtp.gmail.com', 'smtp', 465);

-- --------------------------------------------------------

--
-- Структура таблицы `email_message`
--

CREATE TABLE `email_message` (
  `ID` varchar(55) NOT NULL,
  `ID_TEMPLATE` varchar(55) NOT NULL,
  `U_NAME` varchar(55) NOT NULL,
  `MSG_DATE` timestamp NOT NULL DEFAULT CURRENT_TIMESTAMP ON UPDATE CURRENT_TIMESTAMP,
  `STATE` int(11) NOT NULL,
  `DESCRIPTION` text NOT NULL
) ENGINE=InnoDB DEFAULT CHARSET=utf8;

-- --------------------------------------------------------

--
-- Структура таблицы `groupmembers`
--

CREATE TABLE `groupmembers` (
  `G_NAME` varchar(255) NOT NULL,
  `G_MEMBER` varchar(255) NOT NULL,
  `ID` int(11) NOT NULL
) ENGINE=InnoDB DEFAULT CHARSET=utf8;

--
-- Дамп данных таблицы `groupmembers`
--

INSERT INTO `groupmembers` (`G_NAME`, `G_MEMBER`, `ID`) VALUES
('kitchen_role', 'kitchen', 2),
('admin_role', 'weblogic456', 72),
('kitchen_role', 'weblogic123', 75),
('kitchen_role', 'asd', 76),
('kitchen_role', '123', 77),
('kitchen_role', 'weblogic', 78),
('admin_role', 'weblogic', 79),
('kitchen_role', '11111', 82),
('kitchen_role', '12121212', 83),
('kitchen_role', '123456', 85),
('kitchen_role', 'mysql', 86),
('admin_role', 'mysql', 87),
('admin_role', 'admin', 88);

-- --------------------------------------------------------

--
-- Структура таблицы `groups`
--

CREATE TABLE `groups` (
  `G_NAME` varchar(255) NOT NULL,
  `G_DESCRIPTION` varchar(255) NOT NULL
) ENGINE=InnoDB DEFAULT CHARSET=utf8;

--
-- Дамп данных таблицы `groups`
--

INSERT INTO `groups` (`G_NAME`, `G_DESCRIPTION`) VALUES
('admin_role', 'root - право'),
('kitchen_role', 'кухня');

-- --------------------------------------------------------

--
-- Структура таблицы `msg_template`
--

CREATE TABLE `msg_template` (
  `ID` varchar(55) NOT NULL,
  `TEMPLATE` text NOT NULL,
  `title` text NOT NULL,
  `code` int(11) NOT NULL
) ENGINE=InnoDB DEFAULT CHARSET=utf8;

-- --------------------------------------------------------

--
-- Структура таблицы `orders`
--

CREATE TABLE `orders` (
  `id` varchar(55) NOT NULL,
  `beg_date` timestamp NOT NULL DEFAULT CURRENT_TIMESTAMP ON UPDATE CURRENT_TIMESTAMP,
  `end_date` timestamp NULL DEFAULT NULL
) ENGINE=InnoDB DEFAULT CHARSET=utf8;

--
-- Дамп данных таблицы `orders`
--

INSERT INTO `orders` (`id`, `beg_date`, `end_date`) VALUES
('fb3200a2-97ed-493a-8c2b-408a638e81d3', '2016-12-17 17:57:43', NULL);

-- --------------------------------------------------------

--
-- Структура таблицы `order_detail`
--

CREATE TABLE `order_detail` (
  `order_id` varchar(55) COLLATE utf8_unicode_ci NOT NULL,
  `product_id` varchar(55) CHARACTER SET utf8 NOT NULL,
  `id` varchar(55) COLLATE utf8_unicode_ci NOT NULL
) ENGINE=InnoDB DEFAULT CHARSET=utf8 COLLATE=utf8_unicode_ci;

--
-- Дамп данных таблицы `order_detail`
--

INSERT INTO `order_detail` (`order_id`, `product_id`, `id`) VALUES
('fb3200a2-97ed-493a-8c2b-408a638e81d3', '00d1be59-eadd-4b3c-be92-b0490d3043d4', '00d1be59-eadd-4b3c-be92-b0490d3043d0');

-- --------------------------------------------------------

--
-- Структура таблицы `parse`
--

CREATE TABLE `parse` (
  `id` varchar(222) NOT NULL,
  `PRODUCTS_ID` varchar(222) DEFAULT NULL,
  `UNIT_CODE` varchar(12) DEFAULT NULL,
  `PROVIDERS_ID` int(11) NOT NULL,
  `PROD_COUNT` int(11) NOT NULL,
  `PR_PRICE` int(11) NOT NULL,
  `CUR_DATE` date NOT NULL
) ENGINE=InnoDB DEFAULT CHARSET=utf8;

--
-- Дамп данных таблицы `parse`
--

INSERT INTO `parse` (`id`, `PRODUCTS_ID`, `UNIT_CODE`, `PROVIDERS_ID`, `PROD_COUNT`, `PR_PRICE`, `CUR_DATE`) VALUES
('063876af-0294-434e-812a-50b79c113a5d', '34f2b169-1262-4e36-8080-411b709fedfa', 'kg', 1, 12, 265, '2016-12-12'),
('1491d727-c294-4130-945c-6bf1b0cbb3f7', '55feddac-bae6-497f-b0d4-cee025117eec', 'eigh', 6, 10, 180, '2016-12-12'),
('26027f3d-c52b-4f2d-99d8-13aa0813c761', '35f4d109-c5f4-4f31-9da6-d7878d1cb671', 'kg', 6, 3, 999, '2016-12-12'),
('26f1cadc-7e8f-42df-8feb-b3c17f0cb131', '2c14d805-fd59-4e2d-aa7e-489135c19f9f', 'kg', 3, 23, 95, '2016-12-12'),
('443811ba-f54e-4d32-8433-b2ddbfd7bdf4', '34f2b169-1262-4e36-8080-411b709fedfa', 'kg', 3, 12, 265, '2016-12-12'),
('450680dc-dccf-4054-abc7-aee47522e205', '9e34f501-a97d-4150-a49e-f58bbbdb350a', 'kg', 6, 15, 1300, '2016-12-12'),
('4de740eb-492e-4ffc-829a-21bd096ad2b7', '35f4d109-c5f4-4f31-9da6-d7878d1cb671', 'kg', 5, 3, 999, '2016-12-12'),
('5780efb1-9bb7-413f-a064-e3641f2e8ca8', '32c74f16-7a57-4257-81ed-6b9ab61a08c6', 'kg', 5, 10, 1500, '2016-12-12'),
('62a464dd-c7a2-4aaf-be19-dfa29efb0bdc', '55feddac-bae6-497f-b0d4-cee025117eec', 'eigh', 3, 10, 180, '2016-12-12'),
('650f02c4-6753-4e0e-a4ef-e1ac95f749b1', '9beab0e2-c960-4e84-8a9d-a84cf415d9bc', 'kg', 5, 10, 98, '2016-12-12'),
('7358d825-db92-4e0e-8218-9761683a0c0d', '9beab0e2-c960-4e84-8a9d-a84cf415d9bc', 'kg', 1, 10, 98, '2016-12-12'),
('75e0714b-eb6c-4a79-9b7f-c80ae75d9c1f', '34f2b169-1262-4e36-8080-411b709fedfa', 'kg', 6, 12, 265, '2016-12-12'),
('82f0d853-7695-430f-a477-fd4e987f28d2', '55feddac-bae6-497f-b0d4-cee025117eec', 'eigh', 1, 10, 180, '2016-12-12'),
('83a9a9ae-f2df-4bbd-a3e8-4b436e36e6d4', '9beab0e2-c960-4e84-8a9d-a84cf415d9bc', 'kg', 3, 10, 98, '2016-12-12'),
('895cd75f-24ec-4119-9ac5-07776fd22c0e', '35f4d109-c5f4-4f31-9da6-d7878d1cb671', 'kg', 1, 3, 999, '2016-12-12'),
('94e937c6-54f5-44f9-9ae2-43db091d33bd', '32c74f16-7a57-4257-81ed-6b9ab61a08c6', 'kg', 1, 10, 1500, '2016-12-12'),
('98918bfd-bbf4-4949-a47c-f36e5259db92', '9beab0e2-c960-4e84-8a9d-a84cf415d9bc', 'kg', 6, 10, 98, '2016-12-12'),
('9934e6d0-73e6-4f4f-a3a8-dca07f3a1d89', '2c14d805-fd59-4e2d-aa7e-489135c19f9f', 'kg', 1, 23, 95, '2016-12-12'),
('99aca044-f3a0-4c12-afae-575da6b8e08b', '32c74f16-7a57-4257-81ed-6b9ab61a08c6', 'kg', 3, 10, 1500, '2016-12-12'),
('9f6e1298-b7e1-4d0c-af42-83be544f20e7', '9e34f501-a97d-4150-a49e-f58bbbdb350a', 'kg', 1, 15, 1300, '2016-12-12'),
('a062fcfb-abff-47a2-93b4-16cfe6bcdf61', '2c14d805-fd59-4e2d-aa7e-489135c19f9f', 'kg', 6, 23, 95, '2016-12-12'),
('a7ee39a6-6ebb-493a-884f-a67a6771c565', '9e34f501-a97d-4150-a49e-f58bbbdb350a', 'kg', 3, 15, 1300, '2016-12-12'),
('a9fe62f6-788f-4a4f-ada9-17cc93662977', '55feddac-bae6-497f-b0d4-cee025117eec', 'eigh', 5, 10, 180, '2016-12-12'),
('adf0fd74-c226-411c-a57c-bb1754e80cc7', '32c74f16-7a57-4257-81ed-6b9ab61a08c6', 'kg', 6, 10, 1500, '2016-12-12'),
('baefe5c6-64fc-446a-b013-1108e7ba916a', '34f2b169-1262-4e36-8080-411b709fedfa', 'kg', 6, 12, 265, '2016-12-12'),
('bbee073c-7261-47c9-b82f-c3faf9e2bc11', '2c14d805-fd59-4e2d-aa7e-489135c19f9f', 'kg', 5, 23, 95, '2016-12-12'),
('be34d64e-1ffc-4d2d-8263-b1860ba2ad62', '9e34f501-a97d-4150-a49e-f58bbbdb350a', 'kg', 6, 15, 1300, '2016-12-12'),
('c87109d2-ffff-4789-a351-85cea16da5e6', '9e34f501-a97d-4150-a49e-f58bbbdb350a', 'kg', 5, 15, 1300, '2016-12-12'),
('cb36d5db-f17c-4f06-95b0-3c2f5601ca63', '35f4d109-c5f4-4f31-9da6-d7878d1cb671', 'kg', 3, 3, 999, '2016-12-12'),
('d5992a34-d9e7-4f5d-ad2a-2a453d0aad91', '34f2b169-1262-4e36-8080-411b709fedfa', 'kg', 5, 12, 265, '2016-12-12'),
('dd37df70-8168-455c-a2ba-f8dfcfd57f3b', '35f4d109-c5f4-4f31-9da6-d7878d1cb671', 'kg', 6, 3, 999, '2016-12-12'),
('eb749233-f8ac-422f-bc03-1e38440e82d9', '55feddac-bae6-497f-b0d4-cee025117eec', 'eigh', 6, 10, 180, '2016-12-12'),
('ec75fd21-032f-46ff-98ab-b48eed95a9e5', '9beab0e2-c960-4e84-8a9d-a84cf415d9bc', 'kg', 6, 10, 98, '2016-12-12'),
('f1ac7c81-70cb-4eb7-ac1a-3a2b4f6f193f', '2c14d805-fd59-4e2d-aa7e-489135c19f9f', 'kg', 6, 23, 95, '2016-12-12'),
('fde93e12-0d48-469c-ac98-ea6359a0ae61', '32c74f16-7a57-4257-81ed-6b9ab61a08c6', 'kg', 6, 10, 1500, '2016-12-12');

-- --------------------------------------------------------

--
-- Структура таблицы `products`
--

CREATE TABLE `products` (
  `ID` varchar(222) NOT NULL,
  `CODE` varchar(12) NOT NULL,
  `PARENT_CODE` varchar(12) DEFAULT NULL,
  `NAME` varchar(222) NOT NULL,
  `UNIT_ID` varchar(12) DEFAULT NULL
) ENGINE=InnoDB DEFAULT CHARSET=utf8;

--
-- Дамп данных таблицы `products`
--

INSERT INTO `products` (`ID`, `CODE`, `PARENT_CODE`, `NAME`, `UNIT_ID`) VALUES
('0014f6f2-1d11-4714-b8fc-216e43dbd506', '00000017798', '00000007808', 'Brusnika frozen', 'kg'),
('002553b4-ec51-4a6d-8a91-d92cc2f8d0df', '00000008161', '00000008125', 'Spice Garlic Seasoning 1.1 kg=чесночная приправа', 'kg'),
('008426c5-4967-4a84-a09f-f9ab96c3d353', '00000008122', '00000008081', 'Соус Амой = Sauce Amoy 550 не использовать но не удалять', 'l'),
('00b43b9a-0b25-4ca9-878e-e32b854dd17c', '00000015280', '00000007764', 'Mayonesse in sachets = Майонез в пакетиках', 'eigh'),
('00bf59c7-ce51-4a59-bc86-6e9ca2f013fd', '00000017829', '00000007961', 'Chips Kracks in assortment', 'eigh'),
('00c514f3-68ab-4bac-9428-7ada1a9a940d', '00000007539', '00000007538', 'Almond Powder=миндальная мука', 'kg'),
('00d1be59-eadd-4b3c-be92-b0490d3043d4', '00000007816', '00000007808', 'Cherry black = черешня', 'kg'),
('00f2dd5b-b711-4f8c-83fe-471964d35ea1', '00000007986', '00000007978', 'Hazelnut = Фундук,лесной орех', 'kg'),
('015df7a8-4aac-4faa-b717-cdcbb66c414b', '00000015779', '00000007733', 'Ice-cream Double cream= Мороженое', 'l'),
('015ed7d9-2329-4abc-a545-238a56a83c24', '00000007708', '00000007695', 'Cheese edam', 'kg'),
('01b05444-f5ae-47a2-94d2-fd21092eb324', '00000008175', '00000008125', 'Vanila Stick = Ванильные палочки 0,25 kg', 'kg'),
('01ed136f-17fa-4c93-8179-0776ac8a17fe', '00000007834', '00000007808', 'Mango = Манго', 'kg'),
('02231aea-5f6a-4286-9ab4-53f58236b498', '00000008405', '00000007961', 'Cereals Vkusnosty', 'kg'),
('0228712e-2fe9-47b9-9f63-9001e4e399a0', '00000018940', '00000007538', 'Конфитюр  вишня Топфил ', 'kg'),
('027b1623-d700-403a-be58-5e3bd358d916', '00000008019', '00000008014', 'Spring roll pastery = Замороженое тесто 0.25 kg', 'kg'),
('02fc248c-4012-4fb4-be47-71410762d118', '00000016793', '00000008081', 'Sauce Tkemali=Соус ткемали', 'kg'),
('03685a19-3fd0-439b-8d3f-c0669f1d78d1', '00000015026', '00000008081', 'Glukonte Yanimi = глюконат яними', 'kg'),
('03810dce-37a5-4ef7-8e8d-2350e8fe994c', '00000007965', '00000007961', 'Chips Pringles in assortment', 'eigh'),
('03f64646-fdf2-4d48-9d38-7d4b4f812d97', '00000016867', '00000007937', 'Lentil yellow = чечевица желтая', 'kg'),
('0423123b-00c2-4fae-a6ea-3e1bd5f2caaf', '00000016983', '00000007769', 'Lettuce Corn=салат Корн', 'kg'),
('0457c591-d081-40ea-a669-c270abcc08de', '00000018840', '00000007538', 'Марамелад Фигурный Малинка 7гр,48 шт', 'pack'),
('047a1d86-68f3-4a19-bc3b-f9a61c7859c2', '00000007589', '00000007538', 'Marzipan=Марципан', 'kg'),
('04a06bfc-2786-4e2f-9e6c-8d0451e26380', '00000018787', '00000008054', 'Noodles rice =Лапша рисовая', 'kg'),
('051efdd8-2e73-4103-b02f-35108abbb5fb', '00000007942', '00000007937', 'Lentil red = чечевица красная', 'kg'),
('0520fc26-1087-4d6c-806f-d48815f12e66', '00000018910', '00000007538', 'Дабл Чок Кейк-Смесь для шок.бисквитв12 кг Zeelandia', 'kg'),
('057bcaf3-cc5a-4763-8f68-850f2a196165', '00000018833', '00000007538', 'Арахис-лепестки-обжаренный-ведро 4,5кг', 'kg'),
('0584ed3d-14fe-4346-b0a7-c6874d2dbf0a', '00000008061', '00000008054', 'Pasta Farfalle №65 0.5 kg', 'kg'),
('058fc8f7-ebe0-4a11-b469-fe175982e3f7', '00000008151', '00000008125', 'Spice rosemary=розмарин специи', 'kg'),
('059ef2c5-3000-4647-be00-783339674c98', '00000008087', '00000008081', 'Ketchup Heinz  = Кетчуп Heinz', 'kg'),
('05e7557d-954b-4a8f-933a-846e6ff251cb', '00000016616', '00000008081', 'Sauce Mirim=соус мирим', 'l'),
('05ecc003-cd53-49bf-b665-dad54723a2c6', '00000018880', '00000007868', 'Onion - = Лук Порей', 'kg'),
('06b9b483-c928-478e-b18c-c2952639c863', '00000007864', '00000007769', 'Olives=Оливки', NULL),
('06c21ca0-40d0-4f50-b97d-8a8871a2f8ea', '00000008018', '00000007538', 'Flour=Мука', 'kg'),
('06c7903a-4383-4db6-82f8-58563ec7e198', '00000007813', '00000007808', 'Blackberry = черника', 'kg'),
('06fd6686-dd6d-4d56-bd01-1b2db84374c6', '00000008077', '00000008054', 'Spagetti Makfa 0.4=Спагетти Макфа 0.4', 'kg'),
('072a6da5-4f68-4812-967d-1caccd96d926', '00000018854', '00000007808', 'Mandarine =Мандарин', 'kg'),
('07be6eec-a1c6-4056-ba2b-52b8cbae6930', '00000008051', '00000008046', 'Sesame oil=кунжутовое масло', 'l'),
('07f52014-4d31-4753-9f9b-f7a22d428576', '00000008359', '00000007764', 'Mayonnaise for guest = Майонез', 'l'),
('0876ff26-f259-4115-a3e8-d0b7cf53b5bc', '00000008024', '00000008022', 'Coconut milk=кокосовое молоко', 'l'),
('0886f777-e044-42a4-adb6-c66e13b7e65c', '00000007610', '00000007538', 'Tortini lemon=кекс лимон', 'kg'),
('089d27c4-c829-4e92-8f66-b8767e736b8b', '00000018471', '00000007538', 'Chocolate pallets = шоколадные паллетки', 'eigh'),
('08e4130e-b55c-49e9-8e29-d7653f22fa38', '00000018766', '00000007733', 'Yogurt Ryazhenka-Ряженка 0,5', 'l'),
('090c6dc7-62cf-49bb-88cf-1d8c78dc550a', '00000007997', '00000007978', 'Wallnut=Грецкий орех', 'kg'),
('091a2325-fd17-4b2f-8193-6e293ed7a545', '00000016853', '00000007937', 'Pea nut=нут (in pax.)', 'pack'),
('09eaab3b-af15-4744-bd61-50358368ac17', '00000015073', '00000008125', 'Corry powder=кори', 'kg'),
('0a0457fe-18ae-4d89-bde3-25aef4406557', '00000015946', '00000008046', 'Oil Tahina', 'kg'),
('0a13f34b-6d5a-47e0-9918-acf8a208b522', '00000015790', '00000007868', 'Onion rings = Луковые кольца', 'kg'),
('0a3b28dc-17fd-49bb-a070-fd62ff691a3c', '00000008413', '00000007769', 'Almond Zolotoi Sad 30 gr=Миндаль', 'kg'),
('0a4e78dc-86bf-4e9c-9d29-e3005cf0aaa5', '00000017887', '00000007937', 'Rice barakat', 'kg'),
('0aef971e-26ec-4fe7-aa72-0985b4d09ebd', '00000018863', '00000007538', 'Печенье Нежность', 'kg'),
('0b28ec00-d640-4e4f-9e79-176e464135b5', '00000013259', '00000007514', 'Тостов отрубн хлеб 0,8 кг', 'kg'),
('0b52e0e4-3f9b-40aa-9bcf-97fd1a180700', '00000017636', '00000007937', 'Lentil black=чечевица черная', 'kg'),
('0ba4683e-a4d3-4e84-862c-ba185052690c', '00000007991', '00000007978', 'Pine seeds = кедровые орешки', 'kg'),
('0bacb697-d001-4d12-9e1c-09ac75f6c04a', '00000015848', '00000007769', 'Tarhun=тархун', 'kg'),
('0c0a66db-6715-4d46-b824-970054480cae', '00000015637', '00000007538', 'Chocolate biscuit Proma-шоколадыйн бисквит Прома', 'kg'),
('0cb82048-02a4-4b13-8144-008442402ede', '00000018891', '00000007514', 'Брауни', 'eigh'),
('0d75e3e5-61a6-44c8-a1c0-ff018de934f5', '00000007579', '00000007538', 'Glaze = глазурь', 'kg'),
('0d96dae0-191e-4b5b-b2f7-5bd43b06a7f2', '00000007821', '00000007808', 'Date-plum=хурма', 'kg'),
('0dac2664-cbe4-4219-8055-caa7ea8b3874', '00000018835', '00000007538', 'Биска Мульти Бейз-концентриров.смесь для бисквита 15 кг', 'kg'),
('0dbd480e-3656-4b86-a595-ea460a682152', '00000015897', '00000007538', 'Фонд Рояль Клубника', 'kg'),
('0dc35605-d874-471a-a619-d1091bed7b2c', '00000018526', '00000007538', 'Flour 2 sort=Мука 2 сорт', 'kg'),
('0dee9ace-0a95-4be6-b8d7-2f12e503af69', '00000013272', '00000007733', 'MIlk 1.5% 1l = Молоко 1,5% 1л', 'l'),
('0e1fac23-0eb1-4652-9c83-6d1fa4e23cdc', '00000015460', '00000007868', 'Onion pickled=лук маринованный', 'kg'),
('0e4eb96b-bd59-423d-a284-3fee2e616c15', '00000009927', '00000008335', 'Water plant=водоросль', NULL),
('0e651c75-8579-4068-994b-691d29d64870', '00000007694', NULL, 'Dairy milk =Молочные продукты', NULL),
('0e7ca3f5-ddc3-464e-9027-e775a7cbf54e', '00000015792', '00000008236', 'Golubzy=голубцы', 'kg'),
('0e96d55d-f8a6-4a80-81c8-031853e62077', '00000018858', '00000007538', 'Багет со льном и морковью', 'eigh'),
('0e9710d1-623e-42f8-bd58-e8275000b5bb', '00000007882', '00000007868', 'Cucumber = Огурцы', 'kg'),
('0ea80bbf-a3e9-4bd6-a367-6060ff4c11de', '00000018391', '00000007538', 'Gelatine powder = пудра', 'kg'),
('0eb631f1-6f0c-4621-87fc-9257b5636243', '00000015197', '00000008125', 'Spice Hondashi=хондаши', 'kg'),
('0ec737d9-c68f-48c4-b72d-6439981df5be', '00000018451', '00000007733', 'Suzbe = сузбе', 'kg'),
('0ecfe52e-6da9-4f97-858d-0af8efa2b5fc', '00000007849', '00000007808', 'Сладкая дыня не использовать но не удалять!!!', 'kg'),
('0ee513ba-f777-44ab-a2af-459eaee90082', '00000018114', '00000007808', 'Fenhoya = фенхойя', 'kg'),
('0f577d0d-83da-4ac2-8e1f-34fc567b2d3d', '00000015781', '00000007733', 'Ice-cream Maple Wallnuts= Мороженое ', 'l'),
('0f7525f7-73d5-45a6-92c6-6106900bf951', '00000007903', '00000007868', 'Tomato cherry = помидоры черри', 'kg'),
('0f781d5f-9b76-43c5-afcb-7252103de0e1', '00000008008', '00000008006', 'Cornflour=кукурузный крахмал', 'kg'),
('0f82985c-03ad-48d4-b138-65e86c5d94a1', '00000018778', '00000007514', 'Хлеб белый  бездрожжевой', 'eigh'),
('0f963d3e-9370-4b05-b0e7-e1f9270615b9', '00000008189', '00000008187', 'Sugar = сахар', 'kg'),
('0fa4b7c0-5eee-46d0-96bd-f90e55090d0c', '00000007617', '00000007538', 'Конфеты в ассортименте=Candy in assortment', 'kg'),
('0fdafd34-95a9-4247-9510-27e2f345a8a7', '00000008147', '00000008125', 'Pepper rose=перец розовый', 'kg'),
('0fe6b37a-1dd1-43fc-9983-0d20d484f9f1', '00000008182', '00000008125', 'Розмарин сухой не использовать но не удалять!!!', NULL),
('0ff7c96c-15a3-4e17-8c4a-e12cf07c567c', '00000018888', '00000007538', 'Danish cinamon mini', 'eigh'),
('1018f3d8-c9fe-4fa0-834d-c66e647efb5e', '00000007848', '00000007808', 'Виноград не использовать но не удалять!!!', 'kg'),
('1022c101-4ec6-4401-a771-da3fa46616d2', '00000015072', '00000008125', 'Mint dry=мята сухая', 'kg'),
('1058387c-5afc-4698-a274-08c5149c088c', '00000008400', '00000007961', 'Cereals Nesquick chocolate', NULL),
('10785cc6-36e1-4efc-969e-6e4f46c1508f', '00000007559', '00000007538', 'Chocolate pasta in  jar = шоколадная паста в банке', 'kg'),
('10f33c53-47f7-464d-b017-bb0bc65c8f7b', '00000015478', '00000007695', 'Cheese Suluguni=сулугуни', 'kg'),
('1198b864-887c-4f91-b409-74b0c63870e2', '00000018148', '00000008054', 'Korean salad in assortment', 'kg'),
('11ab33c6-ebff-4876-972b-d60bdbe03204', '00000008026', '00000007538', 'Glucose syrup solution=глюкозный сироп', 'kg'),
('11d4b59d-e8fe-4d57-a186-9557a72fc210', '00000007614', '00000007538', 'Белый шоколад =Chocolate white', 'kg'),
('127018cf-c85d-4a57-9e21-62a8216e32fb', '00000018775', '00000007514', 'Хлеб Финский зерновой', 'eigh'),
('12b2a72d-cc74-414c-a0a4-ec618deca938', '00000018690', '00000007514', 'Хлеб тостовый целый', 'eigh'),
('135b10af-54d1-4fe0-a555-13e061acfcc5', '00000015634', '00000007733', 'Ice-cream Vanilla Dream= Мороженое Vanilla Dream', 'l'),
('1362ddcc-7e01-4973-b664-36596f0c6ec1', '00000018042', '00000007808', 'Dewberry frozen = ежевика замороженная', 'kg'),
('13856945-548d-4240-a7d2-fc7b1012b8c0', '00000007553', '00000007538', 'Cherry candy=Вишня засахаренная', 'kg'),
('13a1360b-e2a1-4be8-8e2d-5408076d436c', '00000007741', '00000007733', 'Kumys=кумыс', 'l'),
('13b3e8cd-118c-4fd7-891f-e66bbeee1a8b', '00000007906', '00000007868', 'Болгарский перец не использовать но не удалять!!!', 'kg'),
('13fc50c6-4b3a-4791-b13a-3da76ea34538', '00000018522', '00000007538', 'Chocolate rice = шоколадный рис', 'kg'),
('14407573-67a2-4b4c-9e02-b22eb19d52a0', '00000007914', '00000007913', 'Antipasto=закуски', 'kg'),
('1452250a-ce60-414a-a257-6212a4efe3e6', '00000016765', '00000007733', 'Butter Elle Vire', 'kg'),
('14e3b96a-bfa7-48da-b8dc-becefb0ac2bb', '00000018861', '00000007538', 'Печенье Янтарное', 'kg'),
('15504873-2fbd-4cdf-8a80-ab9d5ff46249', '00000007940', '00000007937', 'Corn cereal=Кукурузная крупа', 'kg'),
('15652ee2-0935-4da7-8b35-6eeeffb73705', '00000007806', '00000007769', 'Кинза не использовать но не удалять!!!', 'kg'),
('1598d0a3-701b-413a-9ef3-319668b5f2ce', '00000007949', '00000007937', 'Rice "Risotto Arborio" 0.5 = Рис "Рисотто Arborio" 0.5', 'kg'),
('15ad2fbb-6037-4763-886c-d7a516701ab1', '00000016120', '00000007538', 'Candy in assortment = Конфеты в ассортименте', 'eigh'),
('161d4e4d-1aab-4673-9335-eb82883c1835', '00000008425', '00000008424', 'Rice "Yantar''"0.9=Рис Янтарь 0.9', 'kg'),
('166173c2-8be3-41b4-a97d-8890b7b19ac8', '00000008315', '00000008279', 'Tuna stake = Филе тунца', 'kg'),
('168bebe7-9a8e-40d4-bf11-143fe13ecd79', '00000007531', '00000007514', 'Valovan = валован', 'eigh'),
('16c0a392-1328-40c7-993c-e9c9e0bdb319', '00000018779', '00000007514', 'Хлеб Зюник', 'eigh'),
('1718b197-21ab-483c-81ed-e0725f010ce5', '00000008160', '00000008125', 'Spice Cinnamon 0.5 kg=Корица', 'kg'),
('171dba74-fc6c-4ec6-aa6b-6724c5f3413b', '00000008153', '00000008125', 'Salt = соль', 'kg'),
('175a33e8-0c8c-4207-b671-f56b2fd8225c', '00000015224', '00000008046', 'Wallnut oil=ореховое масло', 'l'),
('178b3cc5-8dfd-465b-9643-f16111e53b3a', '00000008240', '00000008236', 'Пельмени не использовать но не удалять!!!', 'kg'),
('17d40864-8cb9-4dd9-abaf-257590dda190', '00000007996', '00000007978', 'Raisin=Изюм', 'kg'),
('17f592a4-73c4-458c-9cc6-b02c529e652c', '00000017888', '00000007937', 'Rice laser', 'kg'),
('181896da-4f4d-436a-8695-4854bc7e42cd', '00000008312', '00000008279', 'Trout frozen=Форель мороженная', 'kg'),
('1821659a-2c7c-4549-a6e8-fa41fe72b1b5', '00000007766', '00000007764', 'Mayonnaise 1.0 = Майонез 1,0', 'l'),
('18795e18-b341-47f5-ab4c-e70fec31abce', '00000016590', '00000008014', 'Spring roll pastery = Замороженое тесто (in pax.)', 'pack'),
('18c7da53-dee0-4164-9837-f19b0ef82f67', '00000017676', '00000007538', 'Plunzhers/плунжеры', 'kg'),
('190e045b-fbb8-42fd-aac0-cb47460ea06b', '00000007705', '00000007695', 'Cheese Chedder=Сыр Чедар', 'kg'),
('191a8dde-5d9b-4200-8d01-274ba150e264', '00000018774', '00000007695', 'Cheese tofu/сыр тофу', 'kg'),
('191abdcb-ef4a-408f-a711-7f690a5da8e6', '00000015432', '00000007913', 'Halapinio=халапиньо', 'kg'),
('19387114-8b8a-4ef3-8529-0a69d330f230', '00000007521', '00000007514', 'Finn crisp=горбушки', 'eigh'),
('1966cde6-a623-4b49-a10e-3df5bcc09c1f', '00000008180', '00000008125', 'Базилик не использовать но не удалять!!!', NULL),
('198385a7-eb28-4948-8a2f-5416740efa21', '00000008083', '00000008081', 'Barti Sauce Jack Daniels 0.520', 'l'),
('19d3b61e-04ee-406c-9bfc-e58d52be9142', '00000013258', '00000007514', 'Тостов пшен хлеб форм', 'eigh'),
('1a05dbb5-3322-4aa8-b189-4f81f8ae3cb2', '00000015795', '00000008081', 'Sauce Taco soft=соус Тако нежный', 'kg'),
('1a1041bb-c491-4b98-ab9e-5d3b27c15e26', '00000007721', '00000007695', 'Cheese mozarella', 'kg'),
('1a34457e-92e6-4b4c-b940-efd10ead2eb4', '00000015633', '00000008081', 'Sauces chilli=соус чили', 'kg'),
('1a93386d-edf5-4bc8-b8b4-9f9eb9faeaad', '00000007908', '00000007868', 'Грибы шампиньоны', 'kg'),
('1a9aff9f-2449-4e37-82b9-d71dd99332ca', '00000018083', '00000007538', 'Almond powder extra=миндальная мука extra', 'kg'),
('1aa7102c-eddd-4651-9239-253efe917c09', '00000016108', '00000007695', 'Cheese Suluguni smoked=сулугуни', 'kg'),
('1abb82cf-cebf-47e7-9cc4-b5591ce31ccd', '00000007534', '00000007514', 'Отрубной подовой хлеб 0,4кг 1/с', 'eigh'),
('1b4fb20d-ae2d-443a-b5a8-e4ecb7ed0856', '00000008184', '00000008125', 'Соль кристалическая не использовать но не удалять!!!', 'kg'),
('1b573c26-e410-4302-ba14-acd591c22546', '00000008273', '00000008267', 'Salami smoked = Салями копченая', 'kg'),
('1b62138f-1a93-4b49-a476-d094ea18a2f8', '00000008187', '00000007932', 'Sugar=Сахар', NULL),
('1bc613b0-f106-43cf-afb5-8ac898012959', '00000016381', '00000008125', 'Spice Hmeli Suneli in pax', 'pack'),
('1bca38eb-daad-4b80-9e01-b9bc5f86910e', '00000007621', '00000007538', 'Торт (Cake)', 'kg'),
('1bf64125-1f64-4f46-a46b-50afd3beba91', '00000007987', '00000007978', 'Nutmeg = мускатный орех', 'eigh'),
('1bfd304c-3a48-42ac-b4a7-a0683ff15d23', '00000008111', '00000008081', 'Soy pasta=соевая паста', 'kg'),
('1c3e913d-4cab-43a5-8c62-3141b906e02f', '00000015884', '00000007538', 'Прома Чиз Кейк', 'kg'),
('1c55d6df-3abc-485c-a74f-c507ad7edafc', '00000007846', '00000007808', 'Water melon = арбуз', 'kg'),
('1c5ec2c2-739d-4ce7-b214-e2e0918b46b7', '00000018777', '00000007514', 'Хлеб Деревенский', 'eigh'),
('1c639cf8-529e-4056-991c-847315d200da', '00000018188', '00000007514', 'Bread turkish=хлеб турецкий', 'eigh'),
('1c797d8d-e949-4268-8466-37038973bc18', '00000008431', '00000008424', 'Pea=Горох', NULL),
('1cd16684-8d79-4f8f-8bc5-bbb405d1dbed', '00000007591', '00000007538', 'Pastry decorations=украшение для кондитеров', 'kg'),
('1d22b4d8-43f9-4bcf-8c9e-72a095bc9b7c', '00000008146', '00000008125', 'Pepper red molotiy=Перец красный молотый', 'kg'),
('1e7df4fa-0405-4d6f-84cb-f43bccd32e94', '00000007874', '00000007868', 'Cabbage chineese', 'kg'),
('1eab63eb-c353-47f9-b882-2df08731a52d', '00000007933', '00000007932', 'Cacao = Какао', NULL),
('1edfdb19-fb3f-4da0-addc-5928a1ae7c30', '00000013255', '00000007808', 'Pineapple = ананас в кг', 'kg'),
('1efb3b7a-07e1-4629-96f3-9af33e725ac5', '00000016167', '00000007808', 'Blackberry frozen= черника', 'kg'),
('1f121c22-9746-4efe-bc13-126e53544ff8', '00000017968', '00000007538', 'Наклейки пасхальные', 'pack'),
('1f5636d6-61a4-4522-8432-7ad9b35aa55f', '00000015540', '00000007538', 'Marzipan sheets=марципановые листы', 'eigh'),
('202a2d5b-fc05-46ca-9c4f-c31299d19f04', '00000007810', '00000007808', 'Apricots = Абрикосы', 'kg'),
('2035b5a4-4e5e-4462-afb3-d55911eb0e2a', '00000007894', '00000007868', 'Peace green = Зеленый горошек', 'kg'),
('20380e21-98e3-46de-be5d-47dce32594b5', '00000015476', '00000008125', 'Spice thume=тимьян (в шт.)', 'pack'),
('2083e1d9-6044-413c-b413-60b8b8701d23', '00000015028', '00000007868', 'Potato sweet = Картофель сладкий Батат', 'kg'),
('208caa28-c929-4dc1-b577-e917293f3d9e', '00000015798', '00000008125', 'Spice Curry=специи карри', 'kg'),
('20d58709-914f-40aa-ad94-822bacef4fa7', '00000017745', '00000008125', 'Бульон овощной гранулированный', 'kg'),
('20ebcb2e-992b-441d-984d-862130290e2e', '00000007739', '00000007733', 'Kefir = Кефир', 'l'),
('211681ee-3ec7-45f4-b7c9-032c378544ea', '00000015468', '00000008125', 'Spice curkuma=куркума', 'kg'),
('21288c76-6417-46b6-b6af-8b7d11c4320f', '00000008278', '00000007932', 'Sea Food/Fish=Морепродукты', NULL),
('21a99a82-06ee-475b-85b8-7ecd27ac9fe3', '00000018305', '00000007808', 'Papaya=папайа', 'kg'),
('21ba27cc-3365-40cf-80ed-d158e715384c', '00000008032', '00000008022', 'Jam in assortment = Джем в ассорт.', 'kg'),
('227fb423-936d-44de-8d02-4f1dd9fd38a6', '00000007988', '00000007978', 'Pшт dried=персик сушеный', 'kg'),
('2368b331-7e5b-42df-91fc-6a6c98c0ae13', '00000015135', '00000007538', 'cookies -печенье ((СЫРЬЕ И МАТЕРИАЛЫ)', 'kg'),
('238f7ed7-e744-4d3b-ba03-4084aeb3f92f', '00000007808', '00000007769', 'Fruits fresh=Фрукты свежие,мороженые', NULL),
('23b8a5a8-51ab-440c-be53-1466160f315d', '00000015164', '00000008125', 'Spice Hmeli Suneli', 'kg'),
('23c72431-d0cb-4986-869d-5d61c7c728f6', '00000007918', '00000007913', 'Pepper pickled = Перец маринованный', 'kg'),
('240abe1f-458f-42fb-bc3d-38c865fecdfb', '00000007707', '00000007695', 'Cheese Corgonzola=коргонзола сыр', 'kg'),
('2439012d-cc2f-4aaa-8e23-10f3696a6c8c', '00000016903', '00000008081', 'Wine rice=рисовое вино', 'l'),
('2475b0fa-ed10-48d1-9d77-8667d2890979', '00000007871', '00000007868', 'Beetroot=Свекла', 'kg'),
('247d3bce-0047-47d0-8f55-aeda2f43200a', '00000008170', '00000008125', 'Spice Turmeric 0,5 kg=Куркума', 'kg'),
('2485285d-cf04-4361-bef4-964a495d7272', '00000008214', '00000008212', 'Deer = оленина', 'kg'),
('2499e17b-b3df-4a17-812a-7b26f41084fe', '00000007555', '00000007538', 'Cherry pie filling=вишневая начинка для пирога', 'kg'),
('249c5a26-1e60-4b24-bebc-ea44a38adc4f', '00000007801', '00000007769', 'Romain lettuce = Салат Ромэйн', 'kg'),
('25586555-9db0-4859-82d8-21625378ecc0', '00000007999', '00000007978', 'Арахис кокосовый 30 gr не использовать но не удалять!!!', 'kg'),
('2578169e-1657-4962-905c-bfcda57e36a3', '00000007765', '00000007764', 'Mayonesse in sachets = Майонез в пакетиках', 'kg'),
('25b358e9-64ce-4cb0-8679-0fa623f4e9db', '00000016576', '00000008125', 'Spice Fenhel', 'kg'),
('25ef90b8-7954-4366-a09b-c641c168b685', '00000007959', '00000007937', 'Перловка Айпак 5кг не использовать но не удалять!!!', 'kg'),
('25f7f91f-dc25-462c-864a-a67186527a20', '00000015651', '00000007808', 'Raspberry frozen=малина замороженная', 'kg'),
('25fe47b3-4f21-4e23-8c3b-bf48f5c6419c', '00000008113', '00000008081', 'Vinegar apple=Уксус яблоко', 'l'),
('2610ea87-a4a3-4b86-9e6a-e83c1fa389a6', '00000016279', '00000007808', 'Bilberry=черника', 'kg'),
('2636c902-7834-4a55-bfd1-0aede711e1c4', '00000007737', '00000007733', 'Curd = Творог', 'kg'),
('2643a2fe-1758-43f6-bb40-0c9d9f846c54', '00000018924', '00000007978', 'Кедровый орех', 'kg'),
('266709d7-ebc0-45d5-8f6f-62be838583a1', '00000007584', '00000007538', 'Grissini in pack = хрустящие палочки в пачке (in pack)', 'eigh'),
('2685f421-9907-43b5-b8fd-231af549e6ea', '00000014599', '00000008187', 'Sweetener Radisson SAS = Сахарозаменитель', 'eigh'),
('268c349d-0f6a-459c-afb6-8993752f6015', '00000018249', '00000007769', 'Latuk = латук', 'kg'),
('27202a28-1265-4158-a26b-ca1341b67319', '00000015889', '00000007538', 'Захер микс', 'kg'),
('27a2fb8d-25ea-4c36-91f8-e3ab6d24d060', '00000018810', '00000007514', 'Круассан сшоколадом', 'eigh'),
('27ad862b-836d-495f-93e5-b3bfe689730c', '00000015517', '00000007514', 'Торт Опера', 'eigh'),
('27b49a00-afb8-47da-b22c-5bbbc2c68f86', '00000017940', '00000007733', 'Milk dry Ristora 0.5 kg', 'kg'),
('27c80158-9fca-42b9-bcda-21b43f776804', '00000015061', '00000007538', 'Арахисовое масло ', 'kg'),
('27eef94b-2233-4af9-b640-f8a52421e3d5', '00000018578', '00000007769', 'Shavel=щавель', 'kg'),
('284505a8-e4a1-4010-a492-58a152605878', '00000018813', '00000007538', 'Штрудель с сыром', 'eigh'),
('2871c6fe-79ae-406e-8263-a6030fd17aa8', '00000008447', '00000008424', 'Соль =Salt', NULL),
('288e145e-1262-4f8c-9409-1b139052622b', '00000008079', '00000008054', 'Vermishel Alexandra and Sofia  65 gr', 'eigh'),
('28f41ff7-9c85-4908-9a98-318400d13709', '00000015831', '00000007733', 'Ice-cream Straccitella= Мороженое ', 'l'),
('28f92e56-3c1d-49aa-be43-910e39819ce3', '00000016982', '00000007808', 'Mangold=мангольд', 'kg'),
('29622fd4-8953-4bb7-b016-b5b7ca4218b5', '00000016856', '00000008081', 'Sauce Narsharab=соус Наршараб', 'kg'),
('29ae56bf-d27d-496b-b6db-0e56a0295f8b', '00000007768', '00000007764', 'Майонез 1,0 не использовать но не удалять!!!', 'l'),
('2a5dd719-c60d-4ddb-8d3f-4bd55bc0dd50', '00000008176', '00000008125', 'Vanilla essence = ванильная эссенция', 'kg'),
('2a98eea6-241f-4539-b472-e4adc030176c', '00000015740', '00000008197', 'Beef tibon stake import=тибон стейк', 'kg'),
('2aa0e35d-aaf9-4987-8df8-b7a62b5f4f5d', '00000007970', '00000007961', 'Oatflakes=Овсяные хлопья', 'kg'),
('2ac097ce-687f-4a62-8134-6e979a5eea0f', '00000007867', '00000007864', 'Оливки с косточкой не использовать но не удалять!!!', 'kg'),
('2b3fd073-6ed0-4e67-ba3e-7c8308e3c390', '00000018680', '00000007514', 'Пасте де нато', 'eigh'),
('2b48acee-9377-4b79-84e8-0565b7649a6e', '00000007885', '00000007868', 'Ginger=имбирь', 'kg'),
('2b4bf68d-5d3a-4161-b638-bf0419c57dfd', '00000007884', '00000007868', 'Garlik = Чеснок', 'kg'),
('2b70b733-d9ab-4243-8dc9-377e67cf671e', '00000007622', '00000007538', 'Халва', 'kg'),
('2bb9a2eb-95da-4c1e-b635-ceb76f3c76be', '00000018242', '00000007538', 'Honey Цветочное разнотравье 0,15 kg', 'kg'),
('2be4f827-5380-4963-ac0b-598de6ea67bb', '00000017424', '00000007733', 'Натуральная оболочка', 'eigh'),
('2c14d805-fd59-4e2d-aa7e-489135c19f9f', '00000007513', NULL, 'Bakery&Pastry=Хлеб,кондитерск.изделия', NULL),
('2c1901af-3672-4343-9e17-84e4479a8813', '00000007745', '00000007733', 'Milk portioned', 'l'),
('2c1b996d-b111-43c7-8d09-5fd8a4db227a', '00000007695', '00000007694', 'Cheese- Сыр', NULL),
('2c3110ee-22d2-401c-be12-9a7754642845', '00000008109', '00000008081', 'Sauces Satay(Thailand) 0.2', 'kg'),
('2c4cf435-f4f9-4b3a-bee2-22a8c2974355', '00000008047', '00000008046', 'Frying oil=фритюрное масло', 'kg'),
('2c9cce6d-967a-4067-94b3-4e68f137a80b', '00000018903', '00000007514', 'Хлеб Столичный', 'eigh'),
('2ce17334-b120-4c7a-8763-31c158cefafa', '00000014537', '00000007733', 'Shubat = Шубат', 'l'),
('2cf5fbef-0b19-47ab-ba88-f08b1b9d8e81', '00000016322', '00000008197', 'Bresaola beef', 'kg'),
('2d532c0d-eba0-4305-bcc3-157fd26cc221', '00000017225', '00000007769', 'Lettuce mayoran=майоран', 'kg'),
('2dc00b97-8e19-4857-993b-b7d7c909ce76', '00000007952', '00000007937', 'Rice for sushi=рис для суши', 'kg'),
('2ddd6242-48d8-415b-b058-f017e33a206b', '00000008106', '00000008081', 'Sauce smoked=жидкий дым', 'l'),
('2e60fdc0-ff0a-4462-b965-d6ada2520d3a', '00000015885', '00000007538', 'Фрутзанд (бездрожжевые пироги)', 'kg'),
('2f716344-5d31-41cd-a5f1-fb16c423a895', '00000008004', '00000007978', 'Фисташки 30 гр не использовать но не удалять!!!', 'kg'),
('30091d1b-ac01-45bb-8ea3-3e9d1c9ca6ca', '00000008028', '00000008022', 'Honey portioned = мед порционный', 'eigh'),
('30e3922c-4ccd-4754-99c3-5a28de87f68a', '00000018252', '00000007538', 'Chocolate bar Ritter', 'eigh'),
('30eb3458-acdf-4c5c-aaef-70322f64671b', '00000007736', '00000007733', 'Butter 250gr=Масло сливочное 250гр', 'kg'),
('3105b597-94f8-45a2-90a0-0ea6a406172d', '00000007761', '00000007733', 'Натуральный йогурт 125гр. не использовать но не удалять!!!', 'kg'),
('310eb324-650e-4d55-b124-c7f5ef111ba1', '00000014515', '00000007733', 'Milk sweet = Сгущенное молоко', 'l'),
('3111d6f4-d024-4523-a0ce-fb210a145faa', '00000016218', '00000008125', 'Spice Safran=шафран (в шт.)', 'eigh'),
('31594e94-cc9b-4b71-af8d-e8ef16d3e6bb', '00000007764', '00000007694', 'Milk&Cream', NULL),
('3159b3bc-de2f-4b4c-ae31-515331ccda62', '00000007912', '00000007868', 'Картофель не использовать но не удалять!!!', 'kg'),
('31949bc7-16e4-45e9-9839-6d6aa303c14f', '00000018544', '00000008197', 'Говядина спинной отруб на кости Prime Food', 'kg'),
('31e13005-710b-4a2a-a017-a0959e111c20', '00000017567', '00000007538', 'Gel colour = гель кондитерский', 'kg'),
('31f00002-9e48-4389-a202-b3288d2da974', '00000008434', '00000008424', 'Preserves=Консервы', NULL),
('324d66a0-1b58-4e33-bf2f-b0d857bb8875', '00000018559', '00000007733', 'Irimshik=ырымшык', 'kg'),
('324ef068-b148-4541-ada1-74279c313cda', '00000018881', '00000007695', 'Cheese Brynza=Брынза', 'kg'),
('328d4704-ecc4-47c1-a18c-e398e33ad3ac', '00000014991', '00000007868', 'Onion- shallot  = Лук-шалот', 'kg'),
('32b3dccf-5014-48e0-a438-603af3874c6d', '00000008339', '00000008335', 'Sturgeon smoked = осетр копченый', 'kg'),
('32c74f16-7a57-4257-81ed-6b9ab61a08c6', '00000015015', '00000007514', 'Bread import = хлебобулочные изделия импортные', 'eigh'),
('32cb57b8-4a0b-4130-942d-8829ae74a62a', '00000018808', '00000008197', 'Beef tail=бычий хвост', 'kg'),
('32cbef83-420c-4780-ba63-01d6499ea52b', '00000008406', '00000007961', 'Chips Pringles 50 gr = Чипсы 50 gr', 'kg'),
('32cc80c8-8748-427c-a08c-64513c5a89c4', '00000017770', '00000017771', 'Мясо диких животных', 'kg'),
('33458015-aedd-493d-a958-1e48db619794', '00000016332', '00000007937', 'Rice bulgur=рис Булгур', 'kg'),
('34f2b169-1262-4e36-8080-411b709fedfa', '00000007515', '00000007514', 'Bread black sweet', 'eigh'),
('351b7f0c-c4ac-4e42-bd20-c7d62432afe6', '00000007838', '00000007808', 'Pear = Груша', 'kg'),
('353c61f0-321d-442e-9bb1-87f10bdcadad', '00000015497', '00000008014', 'Humus=хумус', 'kg'),
('356ab25c-0f22-488b-966a-d6bb786f564c', '00000018806', '00000007538', 'Круасан с сыром', 'eigh'),
('357056de-d42e-4c52-b632-810110334d0e', '00000017782', '00000008125', 'Spice Paprika=паприка', 'kg'),
('358a5010-fede-45b0-93a8-b90f90fef985', '00000007706', '00000007695', 'Cheese Combozola=комбозола сыр', 'kg'),
('35cbcf9f-7a78-4c50-b754-1bbd8dfc8893', '00000007535', '00000007514', 'Праздничный батон 0,4кг', 'eigh'),
('35e4c664-6bde-4045-8cb0-f5909ddff81d', '00000015874', '00000007868', 'Mushroom=подтопольники', 'kg'),
('35e81e8a-b696-4fea-a493-00b715b2e7ee', '00000008125', '00000007932', 'Spices,dry herbs=Специи,сушеная зелень', NULL),
('35eeb2ef-ca8a-4731-bc47-b28c2c838b0e', '00000015896', '00000007538', 'Фрио', 'kg'),
('35f4d109-c5f4-4f31-9da6-d7878d1cb671', '00000013261', '00000007514', 'Bread for hamburger=хлеб для гамбургеров', 'eigh'),
('36557263-ec88-42ab-b174-f91a1dc9738f', '00000008080', '00000008054', 'Макароны Таглиателли не использовать но не удалять!!!', 'kg'),
('3657b93e-ae81-45f2-9b26-8d94b194b7ac', '00000007975', '00000007961', 'Wheatflakes=Пшеничные хлопья', 'kg'),
('371af0fa-6a28-4aea-995e-9a55c4c4aa99', '00000007857', '00000007855', 'Cherry cocktail = Вишневый коктейль', 'kg'),
('37212209-e441-40b4-9083-bd9f47cab241', '00000007566', '00000007538', 'Cracker in pack = печенье крекер в пачке', 'eigh'),
('379bfbb7-8d88-469e-8d00-f5d53c7e2487', '00000007600', '00000007538', 'Sesame seeds=Кунжут', 'kg'),
('37d771c9-5b2e-43ee-b5f6-194daf2aca66', '00000007704', '00000007695', 'Cheese Chechil=Чечил', 'kg'),
('380888e8-36d3-4480-8743-874bcd1ddfdf', '00000007897', '00000007868', 'Plum = Тыква', 'kg'),
('381de21c-6b3f-4dff-84bd-7f181bb55057', '00000007524', '00000007514', 'Frandgella bread', 'eigh'),
('382ba4b9-5d32-4ba8-829b-8a490e3600f7', '00000018243', '00000007538', 'Honey Подсолнечник луговое разнотравье 0,15 kg', 'kg'),
('383d6fb7-02eb-43df-bbd2-376020c78bb9', '00000007545', '00000007538', 'Baking powder=Кулинарный порошок', 'kg'),
('38dc2e9b-b25b-41b1-a33e-006524fdfea0', '00000008306', '00000008279', 'Shrimps 21/25 = Креветки 21/25', 'kg'),
('38eb923c-cd31-405d-a594-63475b3ea476', '00000008070', '00000008054', 'Pasta Pennette 0.5 kg', 'kg'),
('396ae0ea-c1c5-45d5-aa80-6998ea8ab5e1', '00000007724', '00000007695', 'Cheese Peche Mignon', 'kg'),
('39928875-ae28-4454-8373-a6238355ceda', '00000008068', '00000008054', 'Pasta Maccheroni №44 0.5 kg', 'kg'),
('39991079-ee71-4d81-a474-e73bfa7c2944', '00000007728', '00000007695', 'Cheese Roqefoet=Сыр Рокфор', 'kg'),
('39adbbb6-c63f-4123-adaf-7ddac5ebeb82', '00000016544', '00000007538', 'Food color (in pax.) = краситель пищевой', 'pack'),
('39f9db41-0864-4795-88f5-e9cf5c0dca1f', '00000007837', '00000007808', 'Pшт=Персик', 'kg'),
('3a3ed1c6-5ff4-44c4-8856-d35f6fd70f6b', '00000007974', '00000007961', 'Wheat Poppies=воздушная пшеница', 'kg'),
('3aa92cdd-47b2-4f36-b696-6674917125a6', '00000018245', '00000007538', 'Honey Первоцвет 0,35 kg', 'kg'),
('3b0d6b4d-f9b1-4cba-8729-a43997ae80fe', '00000015944', '00000007868', 'Mushroom frozen=Грибы замороженые', 'kg'),
('3ba4325f-8809-465a-8b93-76362f4f53ce', '00000007712', '00000007695', 'Cheese Gouda = Сыр Гaуда', 'kg'),
('3bf0f7c1-401e-4d2a-8b51-993fc9e50640', '00000008081', '00000007932', 'Sauces,vinegar=Соусы,уксус', NULL),
('3c112169-95f9-4a8d-a62b-af804679647a', '00000017356', '00000007538', 'Драже с изюмом', 'eigh'),
('3ca0d466-d2d8-42ea-95d6-f6f6853dfea7', '00000007722', '00000007695', 'Cheese parmesan', 'kg'),
('3cbc6ccd-8c11-4831-b07c-26ad1bd5364d', '00000007985', '00000007978', 'Fruits dried = фрукты сушеные', 'eigh'),
('3d59e848-4136-4d8b-b6b4-85daef69dc8c', '00000017566', '00000007538', 'Zhele pastry=желе кондитерское', 'kg'),
('3d6ff4ba-97df-4cf9-8271-f643805b8aa0', '00000015025', '00000008081', 'Kochidyan = кочидян', 'kg'),
('3d979de3-c206-4e46-b3a2-6e8af495c6f2', '00000007625', '00000007538', 'Шоколадный крем =Chocolate cream', 'kg'),
('3e4667fd-2b16-4723-ac4d-2387895ff6a1', '00000018422', '00000007978', 'Pecan nuts', 'kg'),
('3e60b82b-2acf-45c2-9175-7c4fcf0ac952', '00000015498', '00000008279', 'Trout fresh=форель свежая', 'kg'),
('3ecf8cdc-b13c-415b-890f-4161ded69ded', '00000008017', '00000007538', 'Flour brown=мука ржаная 1 kg', 'kg'),
('3ed1839a-756c-41c6-91b2-167e9165c612', '00000015895', '00000007538', 'Воздушная пшеница в молочном шоколаде', 'kg'),
('3f220aa0-3ece-4e0a-b01d-3f291dbf74a5', '00000007889', '00000007868', 'Mushroom chanterelle = грибы лисички', 'kg'),
('3f2f1eb1-95bc-4822-b905-e9b421b8f79b', '00000016701', '00000007733', 'Butter President= Масло сливочное Президент', 'kg'),
('3f4737c8-92d3-424b-a137-62da73e0e21c', '00000015477', '00000008125', 'Vanilla sticks=ванильные палочки (в шт.)', 'pack'),
('3f5f2ca1-550d-455e-a0e6-d5c2ca4129d9', '00000007869', '00000007868', 'Asparagus green=Спаржа зеленая', 'kg'),
('3facd9f1-68df-48e3-a336-732e6df0d479', '00000007787', '00000007769', 'Lettuce cress=салат кресс (in pax)', 'eigh'),
('3fe544b6-54b8-4047-a0e1-6e013405317a', '00000015945', '00000008125', 'Spice Fahital = Специя Фахита', 'kg'),
('3fe6da5d-ea2d-4d2a-89cb-64bbd15a6387', '00000018684', '00000007514', 'Булочка доброе утро', 'eigh'),
('400ec6eb-09a9-4536-9963-b345b9fe3c9f', '00000007732', '00000007695', 'Сыр Бле дэ Овернь Президент', NULL),
('404fa955-bd03-48e0-be21-d03a1c0055b7', '00000013266', '00000007868', 'French fry = картофельные изделия', 'kg'),
('407133f2-3ceb-45d0-abf4-a38c081a7f2e', '00000008127', '00000008125', 'Basil=Базилик', 'kg'),
('40d7645e-4948-4121-9da7-09a92618ca34', '00000007881', '00000007868', 'Corn=кукуруза', 'kg'),
('40d79206-fc77-472c-9088-1a32555a2baf', '00000007958', '00000007937', 'Гречневая крупа не использовать но не удалять!!!', 'kg'),
('40f5f61f-df48-451c-b45d-8380c57e9fdf', '00000016574', '00000008081', 'Sauce Bearnaise 0.5 kg', 'kg'),
('412bddb4-ab38-4479-bdea-764f0b19402b', '00000016528', '00000008125', 'Cumin=кумин', 'kg'),
('41a84ea3-5952-4adb-b2aa-f24cf4912567', '00000018857', '00000007514', 'Хлеб Европейский ржано-пшеничный', 'eigh'),
('41cd2d0d-2d3d-4e11-a586-00f762d231fa', '00000007825', '00000007808', 'Garnet = Гранат', 'kg'),
('41e81e6f-cf5a-44ec-bd4a-7618f2c1139b', '00000008046', '00000007932', 'Oil=Масло раст.происх.', NULL),
('42732a13-740a-407d-acec-1d068fb70db0', '00000016868', '00000007538', 'Сухари с изюмом', 'kg'),
('42962369-4fa0-4f7d-91cf-3fb9ef96be23', '00000007552', '00000007538', 'Chak-chak=чак-чак', 'kg'),
('4392af8c-851a-4ec6-ba4d-ba88e9f7d13b', '00000015894', '00000007538', 'Воздушная пшеница в горьком шоколаде', 'kg'),
('43c13b2d-5e12-46ad-95e5-f90593a3b7a7', '00000008156', '00000008125', 'Sguid ink=чернила каракатицы', 'eigh'),
('43c8a383-f905-4c92-96a5-fd4ef832ea07', '00000015124', '00000007538', 'Kodury=кодюри', 'eigh'),
('43e88070-259a-4548-89e4-6d61ba36ca1e', '00000008152', '00000008125', 'Rosemary=Розмарин', 'kg'),
('4461f320-6ef1-44dc-a34c-5d52168a9f84', '00000018792', '00000007538', 'Danish cinamon', 'eigh'),
('449867d2-00b7-4a0d-b6b4-f81f3118df63', '00000008131', '00000008125', 'Celery root=Корень сельдерея', 'kg'),
('44b95939-78d8-4504-ba98-18859c97fcf8', '00000017706', '00000008081', 'Vinegar chinese=уксус китайский', 'l'),
('44ca6c12-ba1f-4ab9-9559-cfb93b4de9c9', '00000018776', '00000007514', 'Хлеб Баварский ', 'eigh'),
('4537269e-47ad-4a61-8c89-e5017d9fe2cc', '00000008123', '00000008081', 'Томатная паста 0,4 kg не использовать но не удалять!!!', 'kg'),
('4570259c-c384-4206-8230-673ed1372652', '00000017521', '00000007538', 'Margarine import=маргарин импортный', 'kg'),
('457c2a52-0bd8-4a5e-9042-0c3661a6d834', '00000015153', '00000008081', 'Vinegar rice=уксус рисовый', 'l'),
('45a74352-bfc6-41a6-8002-a84dcf63d65c', '00000017995', '00000008125', 'Spice for meat=специи для мяса', 'kg'),
('4609f133-bb66-4e44-b40d-f33021fd6e18', '00000018256', '00000007937', 'Rice Thai Scotti', 'kg'),
('46523b6a-15b0-4b01-b073-400d937c8fca', '00000008154', '00000008125', 'Salt krystal = Соль кристалическая', 'kg'),
('46d09d99-1cc1-41fe-9fcb-45642630c914', '00000016382', '00000007937', 'Фасоль красная ', 'kg'),
('46f89d4a-a995-44ee-ab3a-14094adf0a24', '00000018941', '00000007538', 'Конфитюр яблоко  Топфил ', 'kg'),
('472edbef-ae4e-4fb1-a281-716643f89f56', '00000018798', '00000008197', 'Beef Meat внутренняя часть', 'kg'),
('4768a734-6bb7-4180-8280-7df24193ee39', '00000007896', '00000007868', 'Pepper Chilli green = Перец зеленый острый', 'kg'),
('477fbc0a-7302-437c-a9fa-8dca4addcde4', '00000008167', '00000008125', 'Spice Rosemarin 0,29 kg=Розмарин', 'kg'),
('4789de81-8ecc-4387-9b8a-49ec77377afe', '00000014497', '00000008267', 'Колбаса п/к Сервелат Дуслык Халал', 'kg'),
('4795a780-6cfe-415f-ba84-a9f09b4f154c', '00000008121', '00000008081', 'Соус Амой = Sauce Amoy  550 ml не использовать но не удалять', 'l'),
('47f00091-35e5-4fd3-8453-b1659b622b3f', '00000018812', '00000007538', 'Штрудель с яблоком', 'eigh'),
('4824895b-51a1-496e-86f5-b7c41d5b87b0', '00000016865', '00000007808', 'Blackberry frozen (in pax.)=черника', 'pack'),
('482887ae-9f5a-4945-8f80-22cd602beb39', '00000008069', '00000008054', 'Pasta Pappardelle 0.5 kg = Макароны Паппарделле 0,5 кг', 'kg'),
('48588102-0398-44f7-869d-621d57a84279', '00000017749', '00000008125', 'Spice Mozhavelnik = можевельник', 'kg'),
('48adc3fe-e581-4d08-9aed-ce0788b860c2', '00000007578', '00000007538', 'Gelatine=желатин', 'kg'),
('48dbf6d3-8eeb-4df0-a842-3ef3e080578a', '00000009808', '00000007538', 'Glucose=глюкоза', 'kg'),
('48eb3d6d-8370-4ea0-b411-669556f8e9c9', '00000018782', '00000007695', 'Cheese Snack ala France', 'kg'),
('48ef87a8-b05f-468e-9bff-34fb957797da', '00000007901', '00000007868', 'Spinach=Шпинат', 'kg'),
('48f35d26-ff8a-4344-a15e-1c669784b4e8', '00000007774', '00000007769', 'Celery=Сельдерей', 'kg'),
('49272837-e095-4c0a-9f19-5dd8123a1df1', '00000015893', '00000007538', 'Воздушная пшеница в белом шоколаде', 'kg'),
('494a263b-e83e-4e65-86dd-95968f39128a', '00000015412', '00000008249', 'Duck whole=утка', 'kg'),
('4a1ca02e-ba0d-4ade-aeb1-81e571ea9374', '00000008279', '00000008278', 'Sea food fresh=Свежий морепродукт', NULL),
('4aa1fb03-2168-4494-9fe4-ff934245c247', '00000015471', '00000008125', 'Spice lemon for fish=лимонная специя к рыбе', 'kg'),
('4aabfd20-cb78-43a7-a135-724592502c9e', '00000015077', '00000007733', 'Sour cream = Сметана', 'kg'),
('4ac924a8-0779-4245-a2e0-5e3b9b9f5c51', '00000015846', '00000007868', 'Pasternak=пастернак', 'kg'),
('4b16c3f3-24ca-40ee-b35a-dc7e5a99d682', '00000018251', '00000007538', 'Kit Kat bar', 'eigh'),
('4b261e44-fc6e-487f-83b8-aebad7ac4bea', '00000007990', '00000007978', 'Pear dried=груша сушеная', 'kg'),
('4b2bad30-2a1d-47b9-8fe3-3f661b702a1b', '00000007580', '00000007538', 'Glaze caramel = глазурь карамельная', 'kg'),
('4b2c1138-0144-4f84-91cd-6e1fa8676c03', '00000018247', '00000007538', 'Honey Бал 0,12 kg', 'kg'),
('4b4acc5d-d1d1-4ff5-93f4-ac02aae694e0', '00000008419', '00000007769', 'Pistachio Baltika 30 gr', 'kg'),
('4b5f7037-c230-4727-8c69-4fd1c0c4e885', '00000015467', '00000008125', 'Spice thume=тимьян специи', 'kg'),
('4b64d04e-c92a-439d-899d-fd3f0a7aff2b', '00000007702', '00000007695', 'Cheese Brynza Der', 'kg'),
('4bad1077-1fe2-43df-9c4f-a85f6a8f827b', '00000013256', '00000007808', 'Grape blue/dark=Виноград', 'kg'),
('4bcebd16-eb89-441f-a310-858ea2478463', '00000018770', '00000007933', 'Chocolate Ritter Sport ', 'eigh'),
('4be58d72-5598-4735-8943-2780cfbb9c2c', '00000007841', '00000007808', 'Plums = Слива', 'kg'),
('4c4d2f34-8062-4cd3-a9f7-5ffefc06b7fe', '00000018190', '00000007868', 'Leek frozen = порей с/м', 'kg'),
('4c634d9b-8a36-4a4d-b31a-396041565ddb', '00000007967', '00000007961', 'Cornflakes=Кукурузные хлопья', 'kg'),
('4cc0d3d8-eb79-4fb0-a72d-df3eaa326273', '00000018327', '00000007538', 'Chocolate thermo = термошоколад', 'kg'),
('4d058e9b-5cd7-42ef-9055-05992d12737c', '00000007727', '00000007695', 'Cheese Rondelle', 'kg'),
('4d23de4c-b51f-442a-86c2-9e89a420c658', '00000007836', '00000007808', 'Orange = Апельсин', 'kg'),
('4d920adf-b421-4121-b23e-7621c180220c', '00000008416', '00000007769', 'Kurt=курт', 'kg'),
('4e501500-e4ba-4f0e-b321-46d4b4b48a24', '00000006612', '00000008335', 'Snickers=Шоколадный батончик 58 gr', 'eigh'),
('4e906b66-dbda-47ae-a290-c64210799605', '00000014536', '00000008279', 'Pangasius = пангасиус', 'kg'),
('4ef27d62-cab9-42f7-a1b2-3a9821212f33', '00000007570', '00000007538', 'Emulgator Pronto', 'kg'),
('4f0a60d4-e3c0-41f9-8c8b-8e2f5904b433', '00000017841', '00000007538', 'Promofond Strawberry', 'kg'),
('4f16836a-c134-4d94-979b-cd9c209508d9', '00000007998', '00000007978', 'Арахис 40 gr не использовать но не удалять!!!', 'kg'),
('4f2572f9-8478-4dde-a42a-f0b2c32e5a27', '00000007917', '00000007913', 'Mushroom pickled=Грибы маринованные 680 gr', 'kg'),
('4f32eaf8-fbad-46dd-ae7e-523fb636c984', '00000007947', '00000007937', 'Polenta = кукурузная крупа', 'kg'),
('4f33c3de-f5e6-4ca7-a16c-214ad889865d', '00000016517', '00000007913', 'Corn tinned=кукуруза консервированная в початках', 'kg'),
('4f50c28f-9dd0-4974-9bc9-aa722e86cc4f', '00000007788', '00000007769', 'Lettuce estragon=тархун свежий', 'kg'),
('4f7342ee-24ca-4ae4-a5ff-830078eab067', '00000017423', '00000007808', 'Avocado (in pcs.) = Авокадо (в шт)', 'eigh'),
('4f8a58fa-7e4a-4d24-ad13-40372c2ea5c8', '00000018805', '00000007538', 'Круасан с шоколадом', 'eigh'),
('4fe89e55-a8e1-49eb-b414-47041e3b2d19', '00000017791', '00000008215', 'Horse fat=жир', 'kg'),
('5041f3e3-a04b-4ece-ba0d-816d6675e947', '00000015516', '00000007514', 'Пирог с ванилью и мадагаскарской ванилью', 'eigh'),
('506021bc-de93-4112-bef9-717a6697f05f', '00000007709', '00000007695', 'Cheese Ementhal', 'kg'),
('506f1498-8b62-4ac8-9ac6-2df3290265e5', '00000008023', '00000007538', 'Asped Jel=глазурь желейная', 'kg'),
('50a70bcd-c204-484b-a7ba-e392f882f6bd', '00000015796', '00000008081', 'Sauce Chili sweet=соус чили сладкий', 'l'),
('50e40c82-58f6-4617-9567-fe67ce13d600', '00000008086', '00000008081', 'Ketchup = Кетчуп', 'kg'),
('50e5a20e-fc93-4193-9961-c547cb43ae5c', '00000018769', '00000007733', 'Yogurt natural= натуральный йогурт Биос 120 гр', 'kg'),
('50f5e4e1-a72c-432d-9fd0-84f7ab44c3b1', '00000007989', '00000007978', 'Peanuts for mini-bar = Арахис для мини бара', 'kg'),
('51277442-06c1-4dbf-abb2-ecf4023d0e31', '00000008411', '00000007961', 'Chips Pringles sour cream and onion=Чипсы 43 gr', 'kg'),
('5164ea42-a500-48db-9674-959eb1aad9a9', '00000007926', '00000007923', 'Horseradish=хрен', 'kg'),
('517f3eef-2b66-49ec-b356-27c2d9003b07', '00000007824', '00000007808', 'Ezhemalina 0.350 = Ежемалина 0,350', 'kg'),
('5191ffb1-1dea-4fa7-a062-27b629851b00', '00000018788', '00000008125', 'Spice Bazil = Специя Базилик', 'kg'),
('51d78086-600d-471d-ac69-32688dcbe581', '00000017891', '00000007733', 'MIlk Shadrinskoye ', 'l'),
('51e8a63f-3f26-47c0-b55a-6b6a5217ab93', '00000016107', '00000007733', 'Сливки сладкие в баллончиках', 'eigh'),
('51ea632d-3352-4760-abe5-6c6aa06c7aa0', '00000008090', '00000008081', 'Mayonnaise = Майонез', 'kg'),
('51f768ed-79fc-4484-8fa0-9371fa31dc63', '00000016591', '00000007514', 'Lavash=Лаваш (in pcs.)', 'eigh'),
('5207e2b5-f488-4744-84ff-d2346c81a111', '00000007717', '00000007695', 'Cheese Mascarpone 0,5', 'kg'),
('524c39df-878f-422f-bdf7-5487b246f107', '00000007528', '00000007514', 'Lavash=Лаваш', 'kg'),
('524c5207-2352-43fd-a69b-c508c542dfd7', '00000018470', '00000008081', 'Sauce fish = ', 'kg'),
('52713d89-82f8-422f-ac0a-6d37e951b0ad', '00000007791', '00000007769', 'Lettuce Rukkola', 'kg'),
('52828613-da1a-4582-a606-b7abeb931402', '00000007937', '00000007932', 'Cereals = Крупы', NULL),
('536ccbc5-5457-4fa3-880c-43a825a9d09c', '00000017322', '00000008006', 'Garlic powder = чесночная приправа', 'kg'),
('53709ef6-47b8-4500-8e84-e5cc4c6c7862', '00000007554', '00000007538', 'Cherry cocktail=Черешня в сиропе', 'kg'),
('5387fb8a-4816-4894-884d-867d3dbffbb7', '00000008173', '00000008125', 'Thume (in pcs.)=Тимьян (в шт.)', 'eigh'),
('5390f47b-186b-46a4-a978-e0f54f396759', '00000007615', '00000007538', 'Ванильные палочки 0,25 kg =Vanila Stick', 'kg'),
('539d8b01-5745-4e12-9408-5a40cb8d93ca', '00000008199', '00000008197', 'Beef entrecote = Антрекот из говядины', 'kg'),
('53a18742-2ca5-4f41-bbfe-6a8d43c80f17', '00000007522', '00000007514', 'Finn crisp=сухарики', 'eigh'),
('53e2abf8-e4d6-4354-9d75-5b7eb58bedfa', '00000017815', '00000008215', 'Horse kishki (in met.)=кишки конина', 'm'),
('5471f4e8-50fc-40aa-a304-ab3d5ef61853', '00000017487', '00000007913', 'Patissony pickled = патиссоны маринованные', 'kg'),
('54853125-94ab-47e3-a56e-49c3984cfbe9', '00000007790', '00000007769', 'Lettuce Romanesko', 'kg'),
('54a28bb9-b684-4a50-99ab-f0a7e37d43b1', '00000017704', '00000007733', 'Zhent=жент', 'kg'),
('54c2b75b-0b87-49b2-85f3-e36bd158d5e8', '00000008010', '00000007538', 'Ingredient for bread=добавка в хлеб', 'kg'),
('54ec50f7-72f8-4f06-8e10-c9fe33a141d6', '00000007563', '00000007538', 'Chocolate white = белый шоколад', 'kg'),
('550fb4e0-dbaa-48f7-8695-9c6b878ec3e1', '00000017807', '00000007769', 'Lettuce Jusai = листья жусай', 'kg'),
('5521dc97-4cc1-43b3-8f5b-d67f5cc86278', '00000007573', '00000007538', 'Fondant Vega', 'kg'),
('5534dd5a-5ef0-4700-9c5c-19f63a40fa08', '00000007953', '00000007937', 'Rice Indika 1.0=Рис Индика 1.0', 'kg'),
('554fbc31-d1cd-4049-9e50-2186552ecc11', '00000007822', '00000007808', 'Dewberry=ежевика', 'kg'),
('55532de5-9981-4558-8ee4-093e79239baf', '00000007556', '00000007538', 'Chocolate Black = Шоколад черный', 'kg'),
('5572905f-1563-4367-abc1-5076d271c662', '00000007730', '00000007695', 'Cheese Tallegio=сыр Таледжио', 'kg'),
('55f2eb47-6b00-445d-b6d2-962289db2420', '00000008408', '00000007961', 'Chips Pringles original=Чипсы 43 gr', NULL),
('55fa346b-9c63-4f7d-bd0c-270eb223589f', '00000017808', '00000007769', 'Lettuce Djandu = джанду', 'kg'),
('55feddac-bae6-497f-b0d4-cee025117eec', '00000007514', '00000007513', 'Bread=Хлеб', NULL),
('561b1ac1-b100-4b6f-991f-2e9135bd1fb8', '00000008223', '00000008215', 'Omyrtka=Омыртка', 'kg'),
('5622855b-031e-45bc-aa27-d34dcaf342ec', '00000007866', '00000007864', 'Оливки зеленые не использовать но не удалять!!!', 'kg'),
('56419645-4c6e-4e61-bde8-f20d084a74db', '00000007831', '00000007808', 'Lemon=Лемон (в шт)', 'eigh'),
('56e9d864-5ff6-4082-86d3-68f6ca5f135e', '00000007519', '00000007514', 'Finn crisp in assortment = Хлебцы, сухарики', 'kg'),
('5728d6ca-1114-4925-9997-80dc3e3fb472', '00000007826', '00000007808', 'Grape=Виноград ', 'kg'),
('573e1fcc-5af8-46e0-9921-0a2665cebbfd', '00000015799', '00000008187', 'Sugar brown with logo Radisson', 'eigh'),
('5748304b-f248-4b85-8562-cfc6b4d9025d', '00000014979', '00000007769', 'Lettuce Radicho = Радишио', 'kg'),
('578bff74-1db6-492c-acf0-b44793c9f15e', '00000008437', '00000008424', 'Rice=Рис', NULL),
('57a6307c-6115-45f0-a05b-d5d03cd445d5', '00000008085', '00000008081', 'Grill sauce = соус для гриля', 'l'),
('57a64974-0a64-42b8-902f-77f6dca76910', '00000018834', '00000007538', 'Арахис-жаренный-дробленный Ф.3-5,12,5кг', 'kg'),
('57bbb38c-7fcc-47e5-ad12-dfd03e127b61', '00000007542', '00000007538', 'Aroma coconut = ароматизатор кокос', 'kg'),
('582332ad-a979-41e8-837f-882515ef615c', '00000007520', '00000007514', 'Finn crisp= круг rye', 'eigh'),
('5865b0dc-d15e-4aa0-8bb7-62062f7b50a2', '00000017309', '00000008197', 'Beef breast = грудинка', 'kg'),
('587bed26-92b2-4023-946b-9029621f38ce', '00000008135', '00000008125', 'Cumin (Zira)=Кумин (Зира)', 'kg'),
('58be946f-b51b-4337-94f9-a01261a2166d', '00000015463', '00000008279', 'Treska frozen=треска замороженая', 'kg'),
('58c535f7-b7dc-4024-bb16-36776207a18d', '00000018423', '00000008279', 'Telaphian fillet = филе телапии', 'kg'),
('58c773b5-ff5d-433b-a3f9-e7a28dba3386', '00000007843', '00000007808', 'Raspberry frouzen Fruits ardo 0.3', 'kg'),
('58d42f49-03fc-4e39-8dcc-d8046d08e7e0', '00000018689', '00000007514', 'Булочка с морковью и льном', 'eigh'),
('58e61d26-4868-413d-85c1-4bd7bcebe9b2', '00000007807', '00000007769', 'Петрушка не использовать но не удалять!!!', 'kg'),
('58ee5835-187b-45a5-a641-bfec8ef41b61', '00000007700', '00000007695', 'Cheese Brie', 'kg'),
('5927c243-3ea9-449f-836f-1c5dea7c4a91', '00000007839', '00000007808', 'Pineapple = ананас', 'eigh'),
('59b32be4-9cdb-4d05-89c6-e323a1e206d4', '00000008285', '00000008279', 'Crab meat=крабовое мясо', 'kg'),
('59fc0a70-0ccf-4570-a778-a7386ab29385', '00000013260', '00000007514', 'Французский батон 0,3 кг', 'kg'),
('5a40817c-9386-489c-b2ca-db437e6c73aa', '00000008252', '00000008249', 'Chicken breast=Куриная грудка филе', 'kg'),
('5a64fcf8-11fd-40fe-9d58-c74f32438985', '00000014493', '00000007961', 'Sunflower seeds = семечки', 'eigh'),
('5a8feb9f-e928-4433-84b6-4d3d11596142', '00000007814', '00000007808', 'Blackraspberry=Ежемалина', 'eigh'),
('5aa5faf9-88a8-4fd3-9234-c2ae3c3b644f', '00000008093', '00000008081', 'Mustard=Горчица', 'kg'),
('5ac12394-c2f7-4ff4-8849-1ab0fe60bcf1', '00000014517', '00000008335', 'Mackerel smoked = Копченая скумбрия', 'kg'),
('5aecc6cd-24f2-4214-9716-8b13ac731715', '00000007713', '00000007695', 'Cheese gouda= не использовать но не удалять', 'kg'),
('5b035fbd-213b-420b-a0f0-5047a7192d96', '00000007890', '00000007868', 'Mushroom Oyster = грибы вешенки', 'kg'),
('5b1c1748-1119-4987-8dad-cf86d88678b9', '00000008033', '00000008022', 'Jam portioned = порционный джем', 'eigh'),
('5b6f5a4c-e8e9-4b30-ab4b-c63ad6a61de0', '00000008071', '00000008054', 'Pasta Piccolini №64 0.5 kg', 'kg'),
('5baaa147-11ce-43a9-826e-29adf56569f6', '00000008099', '00000008081', 'Sauce Granberry 0.8 kg', 'kg'),
('5bea6efc-df82-4873-a0ee-07a2bc6753fe', '00000017575', '00000007695', 'Cheese Cremette', 'kg'),
('5c2cd716-7fb8-4855-8442-0097bfd27e53', '00000015076', '00000007514', 'Хлеб', 'eigh'),
('5c3b40c9-b423-4b8e-b239-c5ce767b6710', '00000008145', '00000008125', 'Pepper black molotiy=Перец черный молотый', 'kg'),
('5c717faf-e3ff-41da-b152-78699426ae46', '00000015652', '00000007808', 'Currant frozen=смородина замороженная', 'kg'),
('5cb05e91-a923-469c-bcc5-fef67c3399b6', '00000008067', '00000008054', 'Pasta local = Макароны для персонала', 'kg'),
('5cf01bef-cd2b-48ad-93a5-53ae6cc9fdf9', '00000008414', '00000007769', 'Buckwheat "Carskaya Pavlodarskaya"0.9=Гречка 0.9', 'kg'),
('5cf62814-4fa4-4692-8a76-7ce8b77caedf', '00000007770', '00000007769', 'Fresh herbs=Свежая зелень', NULL),
('5cf8f67f-998f-4b6e-9dbc-d6efe4a4e226', '00000008420', '00000000000', 'Flour,mixes=Мука,смеси', NULL),
('5d306633-6f5f-42c4-ba1b-9a80f98775c1', '00000016223', '00000007978', 'Muskat nut=мускат орех', 'kg'),
('5e162b8a-c7c9-4565-8836-9dbfa21c606c', '00000017637', '00000007961', 'Chips Lays', 'kg'),
('5e43ef39-b6bb-4b7e-afdc-ce4888ccfad1', '00000008398', '00000007961', 'Cereals Fitness', 'kg'),
('5e65991d-f6e3-4a68-8a06-6de8e9532d03', '00000014995', '00000007961', 'Pumpkin seeds = тыквенные семечки', 'eigh'),
('5f00bef4-fb1a-4d8b-8e5a-b0d2a2b5ec59', '00000007847', '00000007808', 'Виноград зеленый не использовать но не удалять!!!', 'kg'),
('5f064704-d707-4578-90dc-fce2e057e960', '00000007796', '00000007769', 'Oregano in pot=Орегано в горшочке', 'eigh'),
('5f19732c-72ed-4aeb-92a3-78545eb754e2', '00000018831', '00000007538', 'Zeesan Тирамису смесь для суфле и муссов', 'kg'),
('5f241f47-aece-4662-934c-9c823338e7e0', '00000008262', '00000008249', 'Turkey=Индейка', 'kg'),
('5f7be1c1-39f6-441b-820a-f1186b09d0c1', '00000014998', '00000007514', 'Тамыз булочка 0,080 кг', 'kg'),
('5f975d64-f118-4082-9d57-98e583142583', '00000015132', '00000008197', 'Beef smoked import=брезаола', 'kg'),
('5fd89cb6-cf0d-4d71-bf6c-65232f76df42', '00000008396', '00000007961', 'Beans kidney tinned=Фасоль консервированная 400 gr', 'kg'),
('603d8899-f24f-41c5-b17a-03b578c45e2c', '00000015899', '00000007538', 'Полуфабрикат Мягкая Карамель', 'kg'),
('605109f1-0c62-45f1-8a66-c1b135702406', '00000007716', '00000007695', 'Cheese Maazdam', 'kg'),
('60782344-23ee-495a-bb54-b6d35dd692c7', '00000008318', '00000008279', 'Water plant Kaiso=водоросль Кайсо', 'kg'),
('60980ea7-23e2-45c4-9864-805ebf8685cc', '00000014592', '00000007514', 'Виктория булочка 0,050 кг', 'kg'),
('60c97cc7-ad8f-4098-8064-c60137464ebd', '00000017337', '00000007808', 'Banana dry = Банан сушеный', 'kg');
INSERT INTO `products` (`ID`, `CODE`, `PARENT_CODE`, `NAME`, `UNIT_ID`) VALUES
('60e29afc-f794-48b5-8ecb-f62551a74c4d', '00000007883', '00000007868', 'Eggplan = Баклажаны', 'kg'),
('60ebf39c-9f02-4a42-9767-6d89a98150dc', '00000008104', '00000008081', 'Sauce Plum=Сливовый соус', 'kg'),
('610c463b-ff46-4aee-be1d-a2507d7ffefb', '00000008326', '00000008324', 'Anchovi pickled = анчоусы консервированные', 'kg'),
('61199990-c7a0-41c0-b344-2398a50f98b8', '00000016942', '00000007733', 'Ice-cream local', 'kg'),
('613058a7-b66b-4f74-9723-900442a2ab40', '00000007529', '00000007514', 'Toast bread in pack', 'eigh'),
('61494460-2ebc-4b55-bd50-b22366fc9d5e', '00000018070', '00000008197', 'Говядина вырезка защищенная Tenderloin Black Angus', 'kg'),
('61c62e5f-3741-465b-9667-f33a9aa9e4d7', '00000007698', '00000007695', 'Cheese Alpsberg', 'kg'),
('620957c1-cb8d-425b-ae09-1f7a72226812', '00000015794', '00000008125', 'Spice lemon for fish=приправа лимонная к рыбе', 'kg'),
('625550fb-f543-45f3-a477-e9a8e973cd1e', '00000018688', '00000007514', 'Канели', 'eigh'),
('6284ef8f-43f5-4d4c-b181-50b6593cc833', '00000017331', '00000008227', 'Lamb heart=баранье сердце', 'kg'),
('629e0455-6e83-4051-8757-942f5b39ea94', '00000018254', '00000007961', 'Fittness bar', 'eigh'),
('63367f0d-6282-43f9-ad11-aab92a40564d', '00000007929', '00000007923', 'Sundried tomatoes=высушенные помидоры', 'kg'),
('63889ce6-9fb3-4d9c-a37f-cead992195b3', '00000008088', '00000008081', 'Ketchup portioned (40 gr) = Кетчуп порционный', 'eigh'),
('639a9467-50f9-45a5-85c4-2cfaf2bc431a', '00000008424', NULL, 'Groats = Крупы', NULL),
('63aa6fbe-baf5-4c17-9d78-0647199d5514', '00000018801', '00000007514', 'Булочка слоенная с корицей', 'eigh'),
('63ad0a20-f490-46bf-bfc3-53eb84d25d61', '00000018800', '00000007538', 'Круасан с яблоком', 'eigh'),
('63fd2f2a-5558-4f75-9214-83a69b58e628', '00000018783', '00000008054', 'Pasta local  Kespe=кеспе', 'kg'),
('64185550-c9af-44f1-9400-cd5c3061d24c', '00000008091', '00000008081', 'Mayonnaise 1kg = Майонез 1,0кг', 'l'),
('64317efc-61b4-43c7-83f2-9ac2e5922872', '00000018554', '00000008046', 'Peanut pasta=арахисовая паста', 'kg'),
('6445db49-b837-49a5-9dd0-91e9fc3e278a', '00000009871', '00000007538', 'Soda=сода', 'kg'),
('652ac534-094d-4a65-86f3-3b24928a09f9', '00000017843', '00000007538', 'Promofond Chocolate', 'kg'),
('652d3b55-3fe1-41e8-916e-2d823e7017fe', '00000007802', '00000007769', 'Rozmarin=розмарин', 'kg'),
('652d41a0-354f-4109-885c-ffecda72ce6c', '00000018871', '00000007733', 'Yogurt fruit Actimel=йогурт фруктовый', 'eigh'),
('655bfde8-862f-43a9-bfc1-45ed80626545', '00000008324', '00000008278', 'Sea food pickled=Консервированный морепродукт', NULL),
('659ca30a-b3ec-49a0-8c97-0e9a2bd69648', '00000018469', '00000007937', 'Rice paper = рисовая бумага', 'kg'),
('65cc770c-ed6f-40ce-8083-ad5bfabe321c', '00000007913', '00000007769', 'Vegetables pickled=Овощи маринованные', NULL),
('662bdcb5-1ef2-496c-80d0-5e4d9496da86', '00000016980', '00000007538', 'Краситель кондитерский', 'eigh'),
('665a6944-3ffc-4beb-ab12-d4f7e061a1b2', '00000018685', '00000007514', 'Хлеб шефа ', 'eigh'),
('66d23a90-e24c-4d70-9c4b-746ba93cf189', '00000007800', '00000007769', 'Radish=Редиска (в шт)', 'eigh'),
('66f9bd50-5229-482b-aa30-5d2f90ba5969', '00000015847', '00000007868', 'Mushrooms Morels', 'kg'),
('6733d441-3d99-4def-a7b0-933d66c2be37', '00000007714', '00000007695', 'Cheese Kamembert', 'kg'),
('673cbd16-8937-4672-88ec-1292842e35ba', '00000016592', '00000008081', 'Sauce Pomegranate=гранатовый соус', 'l'),
('6785da87-3255-4dd0-ae82-529b39a35939', '00000016222', '00000007978', 'Muskat powder=мускат молотый', 'eigh'),
('678b9a6e-1a52-4bcb-84d7-8ef978efe6b7', '00000008119', '00000008081', 'Соевый соус', 'l'),
('678e3112-df00-48b9-9d29-efca3a716ccb', '00000007710', '00000007695', 'Cheese feta', 'kg'),
('67be3ac6-e222-417f-8a7b-2eb71649a0ea', '00000007878', '00000007868', 'Carrot baby=морковь', 'kg'),
('67d5f01b-3fcc-43c2-90b8-b17aba66f2b4', '00000008178', '00000008125', 'White Pepper corn=белый перец горошек', 'kg'),
('6806e9e0-d46c-4c8b-afcc-f79632269ff1', '00000018424', '00000008081', 'Sauce Tom Yang', 'eigh'),
('683bd63c-1ede-4b0b-8989-e88a36189d0f', '00000008136', '00000008125', 'Curry powder = Порошок карри', 'kg'),
('68ab98ed-cd7e-4ca5-bc45-8fbbc71d3cc3', '00000007536', '00000007514', 'Bread=хлеб', 'eigh'),
('68bf2c86-d903-4708-b85c-6b3e1abfbff4', '00000008232', '00000008227', 'Lamb rack import = бараний карбонат импортный', 'kg'),
('68f524b4-6e3d-4d19-9047-eedcc36d4de4', '00000017220', '00000007538', 'Marmelade=мармелад', 'kg'),
('6916d7c0-ac16-4116-bc20-cbd1a623d187', '00000007593', '00000007538', 'Petinise=петинайс', 'kg'),
('698d5010-e4e1-42c0-bf99-98d0e73d3844', '00000008268', '00000008267', 'Cooked Salami = Салями вареная', 'kg'),
('699b7157-9273-46de-a4c6-89fa9a43645d', '00000007968', '00000007961', 'French fry = Картофель Фри', 'eigh'),
('69be70ef-62d6-4b4f-a208-d34e91961c2f', '00000018200', '00000007538', 'Vafel powder import= вафельная крошка', 'kg'),
('69c2d3af-a433-4f43-9e89-85342c6e0c16', '00000015852', '00000008197', 'Косуля', 'kg'),
('69f2d493-084e-4141-8c6b-33e553a80b4c', '00000008118', '00000008081', 'Vinegar-D Vanya 70% / 40 = Уксус-Д ВАня 70%/40', 'eigh'),
('6a021b88-acbf-420e-bfe6-0bfc8487c047', '00000008245', '00000008241', 'Pork fillet=свинное филе', 'kg'),
('6a0d8d05-2ff2-4b4b-a7b2-95429fb58a6c', '00000016485', '00000008125', 'Spice tmin=тмин (в шт.)', 'eigh'),
('6a3514b3-e523-451b-a91b-d74bf150a298', '00000007983', '00000007978', 'Date dried=финик сушеный', 'kg'),
('6a739a93-5147-40fa-af47-b1645f2da5de', '00000008162', '00000008125', 'Spice Ginger ground 0.43 kg=имбирь молотый', 'kg'),
('6ad3da27-8d7f-407c-9d51-edd1018c74ca', '00000018067', '00000008197', 'Говядина кострец Top Sirloin But Black Angus', 'kg'),
('6b7014c8-10fa-4959-876a-19c976ee29cb', '00000007859', '00000007855', 'Fruits tinned = Компот,конс.фрукты', 'kg'),
('6b7df312-044b-4880-9917-8cde4c33abf1', '00000007603', '00000007538', 'Starch=крахмал', 'kg'),
('6bb4acec-08fd-4e3c-9d7b-554eb3d50ec5', '00000015461', '00000007937', 'Rice brown=рис коричневый', 'kg'),
('6c54a367-0109-42ec-b95f-ff7d5ada7151', '00000015890', '00000007538', 'Прома Фонд Манго', 'kg'),
('6cefdfd0-dafe-4b09-b6e0-21fafab810bb', '00000007613', '00000007538', 'Yeast=Дрожжи', 'kg'),
('6d0c3cc5-28a2-4864-b3e1-623493dd0d6d', '00000016852', '00000008125', 'Lotus=лотус', 'pack'),
('6d11e183-6214-4644-83dc-02479f5e1150', '00000007775', '00000007769', 'Chiccory = цикорий', 'eigh'),
('6d1bdd02-1fa6-4d4f-bbf5-27f7825ec1bf', '00000015057', '00000008267', 'Salami boiled = Салями вареная', 'kg'),
('6d360de6-83a1-42fe-8431-284c09f15e81', '00000007697', '00000007695', 'Cheese alpen blue=Сыр Альпен блю', 'kg'),
('6dc69eef-9f97-4342-b51c-b73b82038c74', '00000007977', '00000007961', 'Картофель Фри 10 мм./2.5 кг не использовать но не удалять!!', 'kg'),
('6e623b5a-7f1d-4c0a-a863-be7dc86f5a5f', '00000008206', '00000008197', 'Beef lung=говяжье легкое', 'kg'),
('6e66660b-59fd-4c59-a9c6-e2a90f4c6a3a', '00000007853', '00000007808', 'Яблоко зеленое не использовать но не удалять!!!', 'kg'),
('6e6e116a-5187-46fa-a273-8b70a003ea52', '00000018911', '00000007538', 'Джелло Тотал -Смесь для заварного теста 15 кг Zeelandia', 'kg'),
('6e920c11-3dcf-41d9-92a1-25fec8563ce5', '00000007541', '00000007538', 'Apricot filling=абрикосовый наполнитель', 'kg'),
('6ed4235b-d54b-465b-b1e0-e9c43b84cc51', '00000013297', '00000007538', 'Stabilizator for pastry = Стабилизатор для кондитеров', 'kg'),
('6ee4742c-c156-46c2-846f-57a761c4d1d9', '00000015777', '00000007733', 'Ice-cream Blackcurrant= Мороженое ', 'l'),
('6ef8f8fa-2b12-4d04-b446-a47aa6b0f5be', '00000017448', '00000007538', 'Vafli = вафли', 'kg'),
('6efa9505-1a26-4bbe-b85a-fdf550ef6caf', '00000008021', '00000008014', 'Мука не использовать но не удалять!!!', 'kg'),
('6f1c398b-a9fb-45c4-ad5e-371a0dde501c', '00000008402', '00000007961', 'Cereals Pascual fruit', NULL),
('6f31cb02-db35-42a9-b5bd-8bf213363194', '00000015542', '00000007538', 'Siritegi=сиритеги', 'kg'),
('6f596c9f-1cab-463c-b6a7-14427e7650f7', '00000014473', '00000007978', 'Fruits dried = фрукты сушеные в кг', 'kg'),
('6f82594c-d9e2-4343-b181-3d439c46c7c2', '00000015921', '00000008197', 'Beef fillet portioned import', 'kg'),
('6f9c3dc7-3770-42e1-aa08-e154567acac6', '00000017703', '00000008125', 'Spice Chilli=специи чили', 'kg'),
('7009d803-1468-4c56-a8cd-f6c096262b3f', '00000007757', '00000007733', 'Кефир не использовать но не удалять!!!', 'l'),
('701796e2-5ac7-477d-b60b-e34b46ab1de1', '00000007543', '00000007538', 'Aroma lemon = ароматизатор', 'kg'),
('701eea0f-3cce-469b-bf3a-3cb9d75df714', '00000018905', '00000007769', 'Pitahaya Red Fruit=Питахая красная', 'eigh'),
('7031a409-a771-4172-839f-7bc7ba81fa34', '00000016827', '00000008215', 'Zhanbas=жанбас', 'kg'),
('703726cc-ac1c-4030-90ef-38417c7a3c07', '00000017310', '00000007733', 'Whipping cream spray', 'eigh'),
('7052e1cc-1847-4847-a43c-8733585b75d4', '00000018150', '00000007868', 'Broccoli frozen', 'kg'),
('706fab4e-7a8f-413e-bdb5-899216ce5792', '00000008117', '00000008081', 'Vinegar Uncle Vanya 0.2 kg', 'kg'),
('707a430e-eab2-4af5-8266-71699896a948', '00000008166', '00000008125', 'Spice Oregano 0.09 kg=Душица', 'kg'),
('70b38304-0037-4282-b8ab-f4e6acf8d24b', '00000007620', '00000007538', 'Печенье для тирамису', 'kg'),
('70bd401e-2a23-44fe-a808-c50d33f82996', '00000007742', '00000007733', 'Margarine = Маргарин', 'kg'),
('70dbea31-1173-4de2-bc78-2aa02d3f2dba', '00000007931', '00000007923', 'White bean = фасоль белая', 'kg'),
('711d0cff-8e73-46a5-845f-cf488bc6be9f', '00000007592', '00000007538', 'Pastry decorations=украшение для кондитеров (in pcs.)', 'eigh'),
('71253866-83c8-4915-af8b-dbfd5dafb626', '00000007532', '00000007514', 'Булочка =Bread roll', 'eigh'),
('7139a8c9-8807-42ee-88a0-e9fd47806962', '00000007798', '00000007769', 'Parsley french=Петрушка франц. (в кг)', 'kg'),
('7141230a-e12a-4ef4-ade5-ac624f9ad7f8', '00000008418', '00000007769', 'Peanuts 60 gr', 'kg'),
('72153f0a-9914-43bf-a34b-b504219f3686', '00000017731', '00000008267', 'Ham import=ветчина импортная', 'kg'),
('724fed5c-1bc6-4444-9bd5-1227328aceb6', '00000018113', '00000007808', 'Mangoustine = мангустин', 'kg'),
('725030fd-a486-4d8f-851e-6121d2918a9a', '00000007984', '00000007978', 'Figs=Инжир', 'kg'),
('726b0244-7b74-49df-8656-81347a98c9d5', '00000008254', '00000008249', 'Chicken wings = куриные крылышки', 'kg'),
('72b8b1d6-65bb-48f6-8dcd-f968bffa4c31', '00000007951', '00000007937', 'Rice Basmati', 'kg'),
('72c70a5c-2be8-4a45-b753-2779c732872a', '00000007572', '00000007538', 'Fitness bar corny', 'eigh'),
('73082bf3-434b-4ae6-be46-b2bb9441ed20', '00000018201', '00000008081', 'Sauce Wasabi = соус васаби', 'pack'),
('733f7c95-69dd-44f4-898b-5dce9e791c58', '00000015070', '00000007868', 'French fry = картофельные крокеты', 'kg'),
('734a636b-b01b-417e-8810-3ebda94e8d8d', '00000018890', '00000007514', 'Наполеон', 'eigh'),
('74310cda-309c-43a9-9f27-c8b54ebe2ffb', '00000007972', '00000007961', 'Rice champs=Рисовые шарики', 'kg'),
('745c66f8-d6a2-4d07-8dec-2d93060b80ed', '00000015650', '00000007808', 'Strawberry frozen= Клубника замороженная', 'kg'),
('747c8253-0c6d-4793-a3e6-42e2e93e1f96', '00000007830', '00000007808', 'Lemon = Лимон', 'kg'),
('74850d3e-a8ad-425a-bd04-b09ca489069f', '00000017425', '00000007733', 'Маринад для натуральной оболочки', 'kg'),
('7492d1eb-0849-4290-91d4-9ef63410e9cd', '00000016221', '00000008125', 'Anis sticks=анис в палочках', 'eigh'),
('74c4f060-75b5-473a-83c5-03111f1267e5', '00000018809', '00000007514', 'Круасан', 'eigh'),
('74cb52dc-8929-4002-a2e4-cc9522cfd432', '00000016216', '00000008125', 'Spice Cardemon=кардемон', 'kg'),
('750acf05-3715-426c-840a-2b034070d024', '00000008144', '00000008125', 'Pepper black corn 0.05 kg', 'kg'),
('75128282-e8e7-4f33-8738-80c2ea6446f3', '00000015494', '00000008332', 'Fish oil=масляная рыба', 'kg'),
('7527a50c-2e14-4b47-8330-691e0dce1c7d', '00000007855', '00000007769', 'Fruits tinned=Фрукты консервированные', NULL),
('7547aae4-3890-48aa-a628-940f968490d2', '00000007923', '00000007769', 'Vegetables tinned=Овощи консервированные', NULL),
('756566d9-739b-4359-a5d0-4f48fe8198c5', '00000017357', '00000007538', 'Iris = ирис', 'kg'),
('758cc2b7-9be0-44e7-9f42-c1dafabab6b2', '00000008014', '00000007932', 'Flour,mixes =Мука,смеси', NULL),
('7644b1d1-00db-4e2d-957a-a462220e61aa', '00000017677', '00000007538', 'Posypka for pastry', 'kg'),
('764a0b92-3b56-42fd-8891-e0e813714cbc', '00000018154', '00000008197', 'Говядина ребра лопаточного отруба', 'kg'),
('7655648e-5bc8-41c0-9340-37ad34556f36', '00000008101', '00000008081', 'Sauce knorr (in kg.)', 'kg'),
('765dc8e2-c502-4eba-b194-f609c30a50e7', '00000015111', '00000008125', 'Pumpkin seeds=семена тыквы', 'kg'),
('768d165d-ce09-4e54-ab58-47abb6450c92', '00000007980', '00000007978', 'Apricot dried=Курага', 'kg'),
('76938758-fafe-44e1-87b0-b35a7cda1f10', '00000018236', '00000007913', 'Daikon pickled = дайкон маринованный', 'kg'),
('76a07ea4-5616-444b-bae2-87a8cf0aec14', '00000018923', '00000007808', 'Hurma', 'kg'),
('76c4351c-5d3c-4794-9d8d-41ddb9946099', '00000018660', '00000008212', 'Chicken zheludok', 'kg'),
('774abfb1-b09a-4c68-994d-6b8d89195642', '00000018859', '00000007538', 'Денишь ванильный', 'eigh'),
('774f9b8a-9e4c-405c-b208-56f69e59813b', '00000008060', '00000008054', 'Pasta Cappelini 0.5 kg', 'kg'),
('77a7cb51-cd74-41e6-8e4b-a43151e37c11', '00000007607', '00000007538', 'Tortillos=блинчик', 'kg'),
('77ad41f4-1944-4cc9-936e-cc829c76c016', '00000016631', '00000008125', 'Spice Estragon=эстрагон (in pax.)', 'pack'),
('77b9af2b-7f87-4cbb-8848-fec8e3a3957f', '00000007930', '00000007923', 'Sweetcorn tinned= кукуруза консервированная', 'kg'),
('77c06ad4-2676-434d-95df-506c873fe952', '00000017773', '00000017771', 'Кролик замороженный', 'kg'),
('77c53d18-d00f-47e3-985f-7a1609aa63dc', '00000017844', '00000007538', 'Promofond Curd-Smetana', 'kg'),
('77dbb3e6-cc63-457f-ae07-7b7bc92aaccd', '00000008404', '00000007961', 'Cereals Pascual Mega', NULL),
('77e2f38b-3162-4353-bb9a-8b38b23fbdb3', '00000007756', '00000007733', 'Йогурт фруктовый в ассорт.не использовать но не удалять!!!!', 'eigh'),
('77e4ea86-0a6b-4060-9c2a-9e19bbd1868f', '00000017750', '00000007769', 'Fennel seeds = семена фенхеля', 'kg'),
('784eb546-f770-4790-827c-94329111ccc3', '00000015649', '00000008187', 'Sugar rafinad= сахар рафинад', 'kg'),
('78529445-aafe-418f-8539-7716f3f0179e', '00000008258', '00000008249', 'Duck liver=Печень утки', 'kg'),
('786d6a87-0779-4681-a64e-adb8d2e3a78f', '00000015543', '00000008054', 'Spagetti for sushi Kuksi=спагетти для суши Кукси', 'kg'),
('7887cf30-9434-4cef-b722-36109404cc49', '00000016483', '00000008081', 'Sauce Taco=соус Тако 3,85 kg', 'kg'),
('78a172a4-ff66-4d46-bbf3-eb9ac040b65d', '00000016220', '00000007733', 'Milk dry=сухое молоко', 'kg'),
('78c0013a-cd28-4427-acff-5452ad8fb6f1', '00000018849', '00000007937', 'Пшеничная крупа', 'kg'),
('792c27f5-93a3-45a4-9dc7-68c41e02ed0e', '00000007932', NULL, 'Groceries Dry=Склад сухих продуктов', NULL),
('79534d0e-6396-4a85-aec0-77905471b4f5', '00000018939', '00000007538', 'Маффин ванильный 30 гр ', 'kg'),
('795d1285-919f-4203-a440-7949c3db81d0', '00000015541', '00000007538', 'Kaduri=кадюри', 'eigh'),
('7968c043-5311-4105-9fe1-dbfb714e48b1', '00000007817', '00000007808', 'Cocoanut = Кокосовый орех', 'eigh'),
('7970b5fc-a8fb-4f89-91b2-5d22f3dfb198', '00000007719', '00000007695', 'Cheese Mazzarello 0.125', 'kg'),
('798f58be-7452-415b-8262-aca866cbe31b', '00000007548', '00000007538', 'Bread Mix = смесь для хлеба', 'kg'),
('79b8c427-53ca-4b91-ab10-e22a59153709', '00000016217', '00000007538', 'Варенье вишневое', 'kg'),
('79cb7a5d-7e56-4710-8a70-ccb6a0b8f40c', '00000007560', '00000007538', 'Chocolate set w/logo', 'eigh'),
('7a2f2bec-91f0-467b-a59f-2fa03bae8f99', '00000007729', '00000007695', 'Cheese sausagive=сыр колбасный', 'kg'),
('7a59a5c2-4356-4df6-91e9-cf2e1d74be4c', '00000018244', '00000007538', 'Honey Гречишный разнотравье 0,15 kg', 'kg'),
('7aa2c17b-dc8a-4416-b8c2-25c060912f54', '00000008228', '00000008227', 'Lamb kidney = бараньи почки', 'kg'),
('7aa4a5ef-c2cc-47f6-aacd-65a5489af69e', '00000007575', '00000007538', 'Food color = краситель пищевой (in kg.)', 'kg'),
('7ae77394-d591-416d-8253-e8d17d9fc90a', '00000008291', '00000008279', 'Fish sticks=рыбные палочки', 'kg'),
('7b05511c-873d-484f-8f7b-5d2643c4925f', '00000007568', '00000007538', 'Cupcake long = кекс длинный', 'eigh'),
('7b1ff966-726c-4109-a48a-cd6eea9b24e3', '00000007525', '00000007514', 'French baget = хлеб-багет', 'kg'),
('7b3aec03-e87f-4ca7-ac64-d46815a24c83', '00000007754', '00000007733', 'Yogurt natural= натуральный йогурт', 'kg'),
('7b4b494e-18e6-43fb-ba9c-4c1488610635', '00000008165', '00000008125', 'Spice Onion Powder 0.57 kg=луковый порошок', 'kg'),
('7b8b5d27-a42a-4717-8d94-4f9ebf3be9fa', '00000018976', '00000008332', 'Минтай С/м ', 'kg'),
('7bc08484-5bad-4ad3-bcf0-873345cdf9f4', '00000008319', '00000008279', 'Water plant Kombu=водоросль Комбу', 'kg'),
('7be538e6-0d4d-45a7-a80e-669779852244', '00000015125', '00000007538', 'Timpeny=тимпени, чимпени', 'eigh'),
('7bf53f95-4d00-4071-98e6-6e0222849e1f', '00000007895', '00000007868', 'Pepper bulgarian = Болгарский перец', 'kg'),
('7c1fa343-0c4e-460a-ad53-7d8bf376c669', '00000014541', '00000008227', 'Lamb fat = бараньи курдюк', 'kg'),
('7c26834d-e1ab-47cd-9493-184ee6a4cfaf', '00000008198', '00000008197', 'Beef bones=говяжьи кости', 'kg'),
('7c683dc4-826c-40fe-af54-8c30a6b00e18', '00000008082', '00000008081', 'Balsamic vinegar 0.5 l = Уксус Бальзамические 0.5 l', 'l'),
('7cbb81cf-6f43-4f6f-a17b-b0f9cc7ff737', '00000008328', '00000008324', 'Foie gras = паштет из печенки', 'kg'),
('7cbd1ddf-0ee6-4ad4-8c3f-e3bc85edd4fe', '00000007993', '00000007978', 'Pistachios = Фисташки', 'kg'),
('7cd20886-9cdb-4f12-acb4-fcf8317c924e', '00000018547', '00000008249', 'Цыпленок белый 400 гр. Адлер', 'kg'),
('7cf06204-c0b0-40b4-b1cc-9cc120adf1dd', '00000008242', '00000008241', 'Bacon = Бекон', 'kg'),
('7d48f3bc-2053-4218-ae98-9412a854c025', '00000007786', '00000007769', 'Lettuce cress=салат кресс', 'kg'),
('7d627fd0-8871-462f-9db4-c6b530dc355f', '00000014988', '00000007808', 'Nectarin = нектарин', 'kg'),
('7d8eea7b-b862-4f00-88f1-6b7f571181e9', '00000007963', '00000007961', 'Cereals in assortment', 'kg'),
('7dc0c143-1383-4ad7-be8d-733b6612a7c9', '00000007751', '00000007733', 'Whipping cream= взбитые сливки несладкие', 'l'),
('7de2e723-d5c6-42e1-885b-7e73384a0e38', '00000016904', '00000008125', 'соль в пакетике', 'eigh'),
('7ded5744-e5f3-494a-93bf-48fbb2f251dc', '00000007767', '00000007764', 'Mayonnaise 5.0', 'l'),
('7e033524-2a79-4140-a78f-fdb57a44ba3c', '00000016575', '00000008081', 'Sauce Hollandaise 0.5 kg', 'kg'),
('7e34b578-38db-473b-9405-09b97d32a084', '00000008286', '00000008279', 'Crab sticks=крабовые палочки', 'eigh'),
('7ef14382-4a27-47fa-a2e2-77c1d66b8efd', '00000018319', '00000008197', 'Говядина трехглавая мышца Shoulder Clod', 'kg'),
('7f46c3b5-8d81-40f2-843a-fe66bdb95918', '00000013270', '00000007868', 'Pumpkin = тыква', 'kg'),
('7f4805e1-ab9a-4bad-8669-595408ce93f0', '00000008138', '00000008125', 'Ingredient for desert = Ингредиенты для дисерта', 'kg'),
('7f6dee20-442b-4c74-a4e1-264d543948d0', '00000008050', '00000008046', 'Olive oil = Оливковое масло', 'l'),
('7fa208b7-a936-4f39-b7df-a4e67a089ef6', '00000008066', '00000008054', 'Pasta Linguini', 'kg'),
('7fcade64-e3a3-4986-8ea2-e7d9e40dcbf4', '00000018189', '00000007864', 'Olives black = оливки черные', 'kg'),
('800270ee-7f6a-475c-bf1e-aa562ccd798c', '00000018285', '00000007937', 'Bean kidney black=Фасоль черная', 'kg'),
('8076829c-9444-4748-8b8f-0d7a780bc97a', '00000008011', '00000007538', 'Lemon acid=лимонная кислота', 'kg'),
('808ab5d1-6fa1-4e23-a3e0-63659043f170', '00000015466', '00000008125', 'Spice 5-mix pepper=смесь из 5-ти перцев', 'kg'),
('80b9219b-6a94-4ba3-859d-90c3102af6ba', '00000018034', '00000008335', 'Balyk Beluga smk.', 'kg'),
('80cdeae7-0195-4944-8328-7d4ae0a73ade', '00000008158', '00000008125', 'Spice Caraway 0.47 kg=Тмин', 'kg'),
('81088ab6-9dcc-4d49-95a7-47051ebf43e8', '00000013269', '00000007769', 'Chives = Лук-резанец', 'kg'),
('812dddc0-5587-4dce-8007-3d2690a14f08', '00000013253', '00000008249', 'Chicken whole = Целый цыпленок', 'kg'),
('81589f91-1d32-4549-b2e9-345e995685d0', '00000018837', '00000007538', 'Начинка Веста ваниль 13 кг Зеландия', 'kg'),
('8178afbe-28ce-4567-b7b1-e4b92e6c8d0a', '00000016463', '00000008267', 'Sausage = сарделька', 'kg'),
('81795c22-b7e3-48a2-8a34-90e26d3af1bd', '00000007537', '00000007514', 'Хлеб для gamburger', 'eigh'),
('819ae722-57e1-4c3e-b94a-3325d169da86', '00000008322', '00000008279', 'Yellow tail=желтохвостик', 'kg'),
('81a727ab-4afe-4498-87f0-4b2028773706', '00000007978', '00000007932', 'Dried fruits,nuts=Сухофрукты,орешки', NULL),
('81e8c13a-ca61-4201-a8f4-85172cf0c429', '00000007862', '00000007855', 'Pear stewed fruit 800 gr = Груша - консер.фрукты', 'kg'),
('81ff2770-be72-469c-b04d-a3b96343e642', '00000007718', '00000007695', 'Cheese Mazzarello', 'kg'),
('8205da48-b4f3-4fec-8ea3-8732c8e77785', '00000007966', '00000007961', 'Corn champs=Кукурузные шарики', 'kg'),
('8252ee6b-d112-487f-af41-8adf0681fa89', '00000015919', '00000008236', 'Pigody=пигоди', 'eigh'),
('82577bd1-252d-4f7e-bcb9-c3e69c4808a5', '00000008277', '00000008267', 'Сосиски копченая', 'kg'),
('82669824-db75-4ccb-b220-2f080eccaf31', '00000018681', '00000007514', 'Пурпурный батончик', 'eigh'),
('8281bc38-7d4c-40c9-8daf-b85a935913d5', '00000007523', '00000007514', 'Finn crisp=Хлебцы', 'eigh'),
('83285262-844f-4270-a83a-b40de8d553d1', '00000015069', '00000008197', 'Basturma-бастурма', 'kg'),
('83743faf-cfc8-4e9b-9e02-3922825947d2', '00000018548', '00000008249', 'Цыпленок белый 500 гр. Адлер', 'kg'),
('83d5771d-23e2-425e-912f-7c54ed3f7a24', '00000016006', '00000007808', 'Cranberry frozen=клюква', 'kg'),
('83eb0fd7-389a-4343-99c9-ac6d652774c3', '00000008163', '00000008125', 'Spice Knorr', 'kg'),
('8403238f-b55f-4cea-83f4-a56baf03ed4a', '00000007726', '00000007695', 'Cheese Ricotta=Сыр Рикотта', 'kg'),
('845d0a7c-1be4-428f-a507-b87431deb1c4', '00000016142', '00000007733', 'Ice-cream Lime Lemon= Мороженое ', 'l'),
('8542c387-a840-4dc0-95f1-3d3afd5d5e53', '00000008236', '00000008196', 'Pelmeny = Пельмени', NULL),
('855c02a7-e4bd-4a74-8d30-f50b415ca4df', '00000016823', '00000007514', 'Samsa=самса', 'eigh'),
('856230ea-b6aa-4058-b9f4-279c6d8b3bae', '00000007582', '00000007538', 'Golubika pie filling=голубика начинка для пирога', 'kg'),
('85ae4ec3-6882-46b7-ab0b-b1ff24b83a32', '00000018058', '00000007538', 'Gel chocolate = гель шоколадный', 'kg'),
('85cad527-91ce-4b80-a827-412b73cf0f55', '00000007755', '00000007733', 'Взбитые сливки несладкие не использовать но не удалять!!!!', 'l'),
('85d84bb4-f8c7-4389-9148-0c9ba4428697', '00000008105', '00000008081', 'Sauce Shop Rite Cranberry', 'l'),
('85e794fb-a350-4936-a9e4-aed6b4c81f94', '00000015741', '00000008267', 'Ham Punchetta = Ветчина Панчетта', 'kg'),
('85ed9a79-95a6-447b-8b7d-2c39a305d034', '00000008102', '00000008081', 'Sauce Marinad - соус маринад', 'l'),
('860b85dc-4703-4938-97ac-3cdc5164ae14', '00000015780', '00000007733', 'Ice-cream Caramelita= Мороженое ', 'l'),
('860c26df-12f7-4721-a364-dba997afe94c', '00000007769', NULL, 'Fruits,vegetables=Фрукты,овощи', NULL),
('860ea68b-cf76-452a-a422-f7ef28bbf70a', '00000008124', '00000008081', 'Томатная паста 0,825 kg не использовать но не удалять!!!', NULL),
('8651f219-5081-42ce-b37e-404bb84e45ab', '00000017756', '00000008279', 'Sazan=сазан', 'kg'),
('8668ec0e-9c1b-469a-b044-c3735c9fbdad', '00000007783', '00000007769', 'Leek = Лук-порей', 'kg'),
('86709b6b-7fc1-4c5e-a1e0-6135a9156368', '00000008074', '00000008054', 'Pasta Spaghetti №5', 'kg'),
('8691ae2e-0cff-495e-bd23-4ffb63a0d733', '00000008395', '00000007961', 'Beans kidney tinned=Фасоль консервированная 250 gr', 'kg'),
('86b938c5-3f22-4401-9c9b-d64862f51b34', '00000018900', '00000007538', 'Candy Raffaello', 'eigh'),
('86bc64af-8a86-40cd-bd89-14ecbf7c83b3', '00000007609', '00000007538', 'Tortini in assortiment', 'kg'),
('87857593-e348-4015-9568-fc4904c6b749', '00000016828', '00000008215', 'Zhilik=жилик', 'kg'),
('878cc2ca-5fac-4b88-b37c-f81139c4e46f', '00000017330', '00000008279', 'Karas = карась', 'kg'),
('87936a66-ebc6-4331-903f-b2078dfc14b4', '00000007749', '00000007733', 'Whipping cream = Взбитый крем сладкий', 'l'),
('87a25ed6-53a5-4804-bf92-1720acfde69f', '00000008412', '00000007961', 'Snack', 'eigh'),
('8808d79a-960b-45ac-ac2a-f3492bd3c0e5', '00000007618', '00000007538', 'Candy Mint=конфеты мятные ', 'kg'),
('885f9447-cfa3-474d-8eeb-008784b99a59', '00000008110', '00000008081', 'Sesame paste=кунжутная паста', 'kg'),
('88918719-7536-4cd4-92d9-10bb6ed6e66e', '00000008397', '00000007961', 'Cereals chop rite cacao', NULL),
('88ef7754-bf7c-40d1-aac9-444205166c8a', '00000008112', '00000008081', 'Soy sauce = соевый соус', 'l'),
('89289e70-9f29-4d97-87a7-a76ae43a9ca3', '00000008239', '00000008236', 'Pelmeny=Пельмени', 'kg'),
('89497fd8-6167-46e2-866d-48070346d662', '00000008001', '00000007978', 'Изюм черный не использовать но не удалять!!!', 'kg'),
('8977ecd3-b6d1-4863-a4b4-d2131df31a43', '00000015248', '00000008081', 'Grill sauce=соус для гриля', 'kg'),
('89def770-971f-41a2-b57f-16be154687f4', '00000014993', '00000007538', 'Flour import = Мука импортная', 'kg'),
('8a248f58-679e-4d55-801c-bba24b182d4b', '00000018921', '00000007769', 'Dracon Fruit=Дракон фрукт', 'eigh'),
('8a5837db-a5a6-40e1-a764-7fef5267401c', '00000008164', '00000008125', 'Spice Mint 0.13 kg=Мята', 'kg'),
('8a6650d8-248d-48bc-8aab-c488fd2864da', '00000007960', '00000007937', 'Фасоль красная не использовать но не удалять!!!', 'kg'),
('8ab7a9e4-7716-411c-9a3f-5790326dbe06', '00000015882', '00000007733', 'Ice-cream Tiramisu = Мороженое ', 'l'),
('8ae04621-3f6a-4d24-a0f7-aac72a3990f6', '00000007805', '00000007769', 'Базилик зеленый не использовать но не удалять!!!', 'kg'),
('8b1e38ec-ed5e-4e99-9f3e-7e90edfdb421', '00000017650', '00000008324', 'Sardina tinned=сардина консервированный ', 'kg'),
('8b460f24-42db-462b-a8ae-dd0234ae0533', '00000008096', '00000008081', 'Sauce Ajika', 'kg'),
('8ba8dfbf-fde7-4e79-87bb-90fd91fcffeb', '00000007558', '00000007538', 'Chocolate Ferrero Rosher 0.2 kg', 'kg'),
('8c31e3e7-2b66-4180-a957-f46d8ba0d68d', '00000008048', '00000008046', 'Oil Olive oil ITLV Virgen Extra 0.5', 'kg'),
('8c381134-49fc-4748-b404-a8577f4eb73d', '00000016317', '00000008054', 'Miso pasta dark=темная', 'kg'),
('8c4cd4fa-171e-4eed-b997-3f264b01476c', '00000008002', '00000007978', 'Кишмиш золотой не использовать но не удалять!!!', 'kg'),
('8c7d5a91-f6ab-4355-8e9d-e477d225c5b7', '00000015459', '00000008125', 'Cinnamon sticks=палочки корицы', 'kg'),
('8cf84f2b-1e9a-4198-8d98-7ed9c7625d59', '00000015074', '00000008081', 'Cous-cous=кус-кус', 'kg'),
('8d0939cd-76af-44cf-9644-6b496a9fc5ca', '00000007861', '00000007855', 'Pшт tinned=Персики консервированные', 'kg'),
('8d0a7006-329e-4b2f-b99f-8b30a7802f50', '00000018068', '00000008197', 'Говядина внутренняя часть бедра Black Angus', 'kg'),
('8d1bd150-24ec-4afc-be0d-aa5e979bf5c1', '00000007587', '00000007538', 'Ingredient for desert', 'kg'),
('8d26244c-6cc5-450b-91d7-3671fca89f9a', '00000008168', '00000008125', 'Spice Safran=шафран', 'kg'),
('8d290aeb-8bef-4fa7-8ede-60b5630fc13b', '00000007879', '00000007868', 'Cauliflower = Капуста цветная', 'kg'),
('8d32df05-c03a-49b5-b786-b995a40a0ead', '00000008213', '00000008212', 'Chicken heart=куриное сердце', 'kg'),
('8d51745c-b952-4bd0-ab54-6fd3a59c4951', '00000007752', '00000007733', 'Whipping cream= взбитые сливки сладкий', 'l'),
('8d6d5f85-b00a-43ac-8c4c-a77db9b3e08d', '00000008006', '00000007932', 'Dry goods = Галантерея специи', NULL),
('8d8335a7-e5eb-4233-a920-d840fdfef131', '00000013267', '00000008267', 'Salami smoked import = Салями копченая импорт', 'kg'),
('8daedd53-a043-40e7-943a-5ad1daa8d77f', '00000007907', '00000007868', 'Грибы вешенки не использовать но не удалять!!!', 'kg'),
('8ded5374-8a37-4791-bbd5-1df68e72ee1d', '00000007604', '00000007538', 'Sugar powder=Сахарная пудра', 'kg'),
('8ecb7984-8199-422c-bf14-6f25e1c1b047', '00000014521', '00000008279', 'Caviar tobiko = Икра тобико 0.5kg', 'kg'),
('8ed616a0-dff2-46ee-b034-6bcc07ad5df7', '00000008030', '00000008022', 'Jam diet=джем диетический', 'eigh'),
('8edaeb53-de3b-4874-b4c7-ac2604b851d6', '00000018826', '00000008267', 'Колбаса Брауншвейгская', 'kg'),
('8ef15ca9-798f-4bf7-bd73-a3a88ca6c8cc', '00000008289', '00000008279', 'Eel frozen=угорь мороженый', 'kg'),
('8f84bdee-729d-4f17-b2bc-6cfb29474cf9', '00000008299', '00000008279', 'Mussels=Мидии', 'kg'),
('8f983304-79dd-455b-85c4-3b1e150fb513', '00000015001', '00000008212', 'Duck legs = Утинная ножка', 'kg'),
('8fef70fe-3c9e-41be-a446-90f42b2b8625', '00000018836', '00000007538', 'Начинка-Веста банан 13 кгZEELANDIA', 'kg'),
('9035f1cf-00c1-439c-8448-b9462dcc9266', '00000007809', '00000007808', 'Apple = Яблоко', 'kg'),
('9059d3e5-9c49-4200-9b09-08328f2b7ef8', '00000008261', '00000008249', 'Goose=Гусь', 'kg'),
('9089d3d4-7bd6-44ce-bb9b-17f2b0d70cc9', '00000016948', '00000007978', 'Pecan nut = орех Пекан', 'kg'),
('90a88ba5-26f1-4a0e-8a14-cc4014b8c4d1', '00000018922', '00000007538', 'Щербет ', 'kg'),
('90b3a8fc-d738-4c68-9e46-9ae92291ada1', '00000016573', '00000008046', 'Corn oil=кукурузное масло', 'l'),
('90db5b10-45d2-4b76-9c51-438478fe7763', '00000007804', '00000007769', 'Star fruit=Карамбула', 'eigh'),
('90fe09f9-fe50-459a-93c4-5308376a893c', '00000007557', '00000008335', 'Chocolate Dove=шоколад Дав', 'kg'),
('9105039f-f8d2-4ae2-972e-4aab0b1944c6', '00000017035', '00000008227', 'Lamb tribuha=баранья трибуха', 'kg'),
('915476ad-d72b-4752-88a1-16adb00ac87f', '00000008063', '00000008054', 'Pasta Girandole № 34 0,5 kg', 'kg'),
('919dfc87-c565-4d29-9499-afba96578a6f', '00000008095', '00000008081', 'Pasta tomato = Томатная паста', 'kg'),
('91fef513-02a8-4ee8-a5ae-14570539adbd', '00000018667', '00000008081', 'Sauce Tom Yang (in kg.)', 'kg'),
('9244d3c0-d41c-4eec-a826-4acf0ff7042d', '00000008020', '00000008014', 'Tempura flour = темпурная мука', 'kg'),
('92bfbd7b-1207-4033-9b96-d0647e09a7f9', '00000015071', '00000007913', 'Lebanese mixed picked=овощи в рассоле', 'kg'),
('92c3dbae-13af-431c-bb5f-31338846a302', '00000008202', '00000008197', 'Beef heart=говяжье сердце', 'kg'),
('92cc8021-5fe9-46c6-97e1-f709fafee0fc', '00000017840', '00000007538', 'Promofond Melon', 'kg'),
('92f668b6-0c7d-4e42-8a0f-802122fe0b38', '00000007900', '00000007868', 'Spinach frozen=Шпинат замороженный', 'kg'),
('9320bfd4-8a08-4740-9b5f-a709a226e607', '00000018103', '00000007538', 'Пектин', 'kg'),
('93331f34-ae28-4724-b65f-5439a1477468', '00000018647', '00000007937', 'Buckweat lapsha', 'kg'),
('934de3fe-a7ff-42e3-b079-2efa73f359ae', '00000007611', '00000007538', 'Waffer stick=вафельная трубочка', 'kg'),
('93deed4a-e8b1-4260-8075-2c70316ac18c', '00000008231', '00000008227', 'Lamb lungs = бараньи легкие', 'kg'),
('93e79693-9946-41da-854d-5397af7b7682', '00000015695', '00000007733', 'Irimshik=iрiмшiк', 'kg'),
('94089699-dd62-4a28-9984-255209e4266e', '00000017652', '00000008267', 'Ham Iberya', 'kg'),
('9439af62-662d-423e-b2dc-551f20b523a7', '00000007886', '00000007868', 'Green bean=фасоль зеленая', 'kg'),
('9456f90d-e0ec-4a6f-b08f-ceba4c3ba98f', '00000007746', '00000007733', 'Milk=Молоко', 'l'),
('9460c71a-51f1-4b8c-87fb-0f2fd6638ea9', '00000017845', '00000007538', 'Gelatine powder=желатиновая пудра', 'kg'),
('94884e56-1d8d-41c8-8fb1-90df0a77a215', '00000007731', '00000007695', 'Cheese Tofu=сыр Тофу', 'kg'),
('94d95568-b156-49a2-9e4c-1d64fc32daab', '00000007562', '00000007538', 'Chocolate Vatrhona 3.0', 'kg'),
('9507ccee-c2cb-423d-ac97-8df34f53dca2', '00000015768', '00000007733', 'Ice-cream Swiss Chocolate = Мороженое ', 'l'),
('95664786-8b60-4c1b-abb7-e2f966fc5a55', '00000018320', '00000008197', 'Говядина большое филе лопатки Chuck Tender', 'kg'),
('95683c49-6541-4b9d-9aeb-8fd1f4e2dba3', '00000008114', '00000008081', 'Vinegar essence Shop Rite apple=Уксусная эссенция 0.473 L', 'kg'),
('95845291-73a2-43a5-a487-6939c0169336', '00000008183', '00000008125', 'Соль =Salt не использовать но не удалять!!!', 'kg'),
('9589354e-4c89-4b42-b49e-66c34eff66bb', '00000007526', '00000007514', 'French baget = хлеб-багет (in kg.)', 'kg'),
('95f0b408-5d58-43a6-b539-b56f97765e0b', '00000016871', '00000007733', 'Butter import for pastry', 'kg'),
('95f6a55f-cf91-4eea-993a-e09ecfc89c51', '00000018876', '00000008267', 'Колбаса п/к Мусульманская', 'kg'),
('962851ad-1716-43a4-a723-f1165209497c', '00000017746', '00000008054', 'Pasta Orecchiette 0.5 kg', 'kg'),
('96e07aa1-dc3b-49b5-8b64-bea5c76f76b6', '00000017772', '00000017771', 'Кабана окорок', 'kg'),
('96f9cf9d-9d35-49dc-a9a3-04f777909800', '00000007533', '00000007514', 'Булочка для бутербродов', 'eigh'),
('9730c02b-5817-42ab-af03-bc2cd9869932', '00000007538', '00000007513', 'Pastry=Выпечка,сладости', NULL),
('975cbdc8-c432-4c89-92db-d454141dbabe', '00000008246', '00000008241', 'Pork leg=Свинная ляжка', 'kg'),
('97870717-dc82-4ad1-b2b1-31cdfe493b06', '00000014522', '00000008249', 'Chicken naggets = Куринные нагетсы', 'kg'),
('97a5a575-c70c-4319-8a65-e199bda9b597', '00000008177', '00000008125', 'Vanilla powder=Ванильный порошок', 'kg'),
('97b2581f-1e53-4a53-b9f1-ab85deeb97d4', '00000008193', '00000008187', 'Sweetener Radisson Sas=сахарозаменитель', 'kg'),
('97b493f9-5a3c-48c3-b2a9-e8a8343e0745', '00000008076', '00000008054', 'Pasta Tortiglioni №83 0.5 kg', 'kg'),
('97dbcfa0-4db9-4578-a20d-70becc9fea10', '00000008188', '00000008187', 'Brown sugar on stick = сахар на палочке', 'eigh'),
('982207b8-b243-4e3d-a482-21f6803cbb5d', '00000018839', '00000007538', 'Крем Какао Caravella Cream white 13 кг', 'kg'),
('98285c77-c2c5-4536-ba05-a26bd804073a', '00000015845', '00000007538', 'Сухари панировочные', 'kg'),
('982dbf0f-be43-4db9-a129-53966833ae6f', '00000018832', '00000007538', 'Zeesan Шоколад смесь для суфле и муссов', 'kg'),
('98469181-03c2-4696-b2f6-ddeeee316a7a', '00000016869', '00000008279', 'Sea cabbage=морская капуста', 'kg'),
('98718cbf-ad9c-496c-a7e8-fc42e3832f31', '00000008100', '00000008081', 'Sauce Knorr', 'l'),
('9885f5ca-2913-4bd9-99af-699f5463a734', '00000016280', '00000007808', 'Red bilberry=брусника', 'kg'),
('988dc2d6-032b-4706-8504-be32add2b921', '00000018505', '00000008125', 'Spice Tanduri Masala', 'kg'),
('989c7bc2-6680-4514-b044-31d18c4f7f3a', '00000008432', '00000008424', 'Perlovka', NULL),
('98baf29a-11cd-4131-a98e-45649ee43450', '00000015960', '00000007733', 'Ice-cream Banana = Мороженое ', 'l'),
('98ffe337-386e-4462-b941-26510055cd05', '00000008251', '00000008249', 'Chicken breast smoked=куриное копченое филе', 'kg'),
('990aa502-80df-4658-8d17-bfdf670b7b98', '00000007948', '00000007937', 'Potato puree=картофельное пюре', 'kg'),
('99678230-9810-410e-9b2b-5ad655e75b19', '00000008203', '00000008197', 'Beef kidney=говяжьи почки', 'kg'),
('999d3458-4b63-48bb-a892-2c62e58011b8', '00000017561', '00000007733', 'Ice-cream local (in pcs)', 'eigh'),
('99c918ee-e2ae-4b7c-ad0c-591f0e675a98', '00000008253', '00000008249', 'Chicken liver=Куриная печень', 'kg'),
('9a134152-ccc1-420b-b58d-87ad444a0cae', '00000018872', '00000007514', 'Багет пшенично-ржаной', 'eigh'),
('9a74741b-2d98-48b1-a70a-fc15549af4af', '00000016587', '00000008125', 'Spice curkuma=куркума (in pax.)', 'pack'),
('9a81502d-bf2d-4ace-8bcf-bfb6d4c6f6e9', '00000008281', '00000008279', 'Carp=карп', 'kg'),
('9a815cf6-c53c-4e61-871c-8e9ae971f587', '00000016484', '00000008125', 'Spice Green Pepper 0.16 kg=зеленый перец', 'kg'),
('9a960ebd-0e77-44d0-8c94-02c7301cd9f9', '00000018925', '00000008081', 'Vinegar-9 %  40 =  Уксус- 9 % ', 'eigh'),
('9ad6801a-0e9d-49c5-a338-7dcad7d58396', '00000008298', '00000008279', 'Monk fish = Морской черт', 'kg'),
('9ae5d74c-de15-4ff6-b592-5b4fe7a5a9e3', '00000007597', '00000007538', 'Puree raspberry=малиновое пюре', 'kg'),
('9b0282ee-c398-4b79-8455-105825cd06e3', '00000008031', '00000008022', 'Jam Gobber 0.43', 'kg'),
('9b501265-2c8d-4a23-87f5-3dc1cfeda530', '00000007955', '00000007937', 'Semolina=манная крупа', 'kg'),
('9b516314-4bc3-4ef0-8c30-c08839f373e3', '00000018803', '00000008249', 'quaily whole', 'eigh'),
('9b63258b-a7ce-47c4-b6a1-591d9ff6c8c2', '00000015031', '00000008081', 'Soy pasta Miso=соевая паста Мисо', 'kg'),
('9b7404b8-8ea5-4c03-a9c3-60942408afc2', '00000008267', '00000008196', 'Sausage=Колбасы', NULL),
('9b87a0fb-b8aa-4fe1-8509-c482d41b9a76', '00000007753', '00000007733', 'Yogurt Danone fruit 110 gr', 'eigh'),
('9bbcda56-c986-40ba-8a6b-60ad28578fbc', '00000008078', '00000008054', 'Spaghetti local = Спагетти для персонала', 'kg'),
('9bd9a704-190c-4e74-a262-a7044c937a07', '00000007585', '00000007538', 'Harmony neutral', 'kg'),
('9beab0e2-c960-4e84-8a9d-a84cf415d9bc', '00000007516', '00000007514', 'Bread borodinskiy', 'eigh'),
('9c12217c-f976-4452-892f-df269330c009', '00000016645', '00000008125', 'Spice tmin = тмин ', 'kg'),
('9c5f0868-3f73-43a7-8d10-665c3a2eaeae', '00000008200', '00000008197', 'Beef filet = Филе говядины', 'kg'),
('9cb8c25e-9a18-48d6-a92c-bb8739fd0ff6', '00000018842', '00000007538', 'Мармелад Фигурный Ежевичка 7гр 48 шт', 'pack'),
('9ccd3ad5-2b33-4835-9ad9-c3453bb77fee', '00000012506', '00000007733', 'Choco milk', 'eigh'),
('9ceaf284-c23a-45a4-96d1-f272ae7f4cb0', '00000017012', '00000008125', 'Barbaris=барбарис', 'kg'),
('9d04c0af-c49f-4e5d-a1c0-9565bbba0da2', '00000007599', '00000007538', 'Raffaello 0.24 kg', 'kg'),
('9d27af00-a42d-4b35-a8df-18c9678f538f', '00000007564', '00000007538', 'Coconut powder = кокосовые стружки', 'kg'),
('9d3e7eae-c745-45de-ab3d-64b5c6570989', '00000008130', '00000008125', 'Carnation = гвоздика', 'kg'),
('9db892e2-b0c9-4b89-9dff-932c75510f29', '00000008204', '00000008197', 'Beef leg = Говяжья ляжка', 'kg'),
('9dc8c5bf-ba9c-475b-b36b-207a55134248', '00000008107', '00000008081', 'Sauce Tobasco 0.057 L = Соус Тобаско 0,057л', 'l'),
('9dcdeafe-2e81-4099-ae23-836e2da11a0a', '00000017639', '00000007538', 'Aromatisator for pastry= ароматизатор', 'eigh'),
('9e030da1-4105-401a-83e1-7ac2b818ce7b', '00000013254', '00000008249', 'Chiken leg = Куриная ножка', 'kg'),
('9e34f501-a97d-4150-a49e-f58bbbdb350a', '00000007517', '00000007514', 'Bread roll=булочка (in kg.)', 'kg'),
('9e5c9dcf-1c62-4b65-b34c-3bd808dc752f', '00000015474', '00000008125', 'Spice Sumak=сумак специи', 'kg'),
('9e98f90a-d5a5-4557-a3af-e44c75748da6', '00000018253', '00000007538', 'Zhele powder = желейная пудра', 'kg'),
('9edb3261-e75e-43f5-8b94-829128392ba4', '00000008294', '00000008279', 'Herring salty = Сельдь соленая', 'kg'),
('9f0d025c-1ea7-42e3-b8f7-fef81cf4fe59', '00000016461', '00000008267', 'Sausage chicken = Сосиска куриная', 'kg'),
('9fe6d797-7b73-4a70-830f-8b86b5172d7d', '00000008217', '00000008215', 'Horse liver = печень конины', 'kg'),
('9feb6697-0459-4085-ae91-45eccf2441da', '00000007725', '00000007695', 'Cheese Philadelphia = сыр Филадельфия', 'kg'),
('9ff10beb-3c3c-4309-9eaa-6969f472dbdd', '00000007872', '00000007868', 'Bressul sprout=Брюссельская капуста', 'kg'),
('9ff39862-02ce-41db-836e-5a79c1558ab5', '00000015704', '00000008081', 'Sauce Horseradish=хрен сливочный', 'kg'),
('9ffa8ddb-7039-44dc-8500-98d96d335fe6', '00000007945', '00000007937', 'Pea=Горох', 'kg'),
('a00589bf-6cfa-43b9-aa0b-1ee22573fe77', '00000008433', '00000008424', 'Pickels=Маринады', NULL),
('a07c1ed7-8d5a-4934-ae4f-b7353cc9506c', '00000008270', '00000008267', 'Mortadella', 'kg'),
('a0b3161b-5ba7-4200-a2c2-567fa14cc553', '00000007723', '00000007695', 'Cheese parmigiano Reggiano', 'kg'),
('a0ce00bd-7028-483d-96b8-ca8cdcb2bfdd', '00000007905', '00000007868', 'Zuccini = Кабачки', 'kg'),
('a0e09c7f-0029-48ee-adc2-ce861d7a7129', '00000007893', '00000007868', 'Onion red=Лук красный', 'kg'),
('a0e86c57-d600-419f-830b-6e48ee12fd3f', '00000014986', '00000007808', 'Blueberry = Голубика', 'kg'),
('a0eaedc4-20c6-4fdf-838d-85a8b7790dcb', '00000008073', '00000008054', 'Pasta Spagettoni №7 0.5 kg', 'kg'),
('a0ef59ef-f624-4d89-84e4-19405ce0d6fd', '00000008233', '00000008227', 'Lamb rack=Бараний карбонат', 'kg'),
('a122de34-c2db-41c8-82fe-96db7338c947', '00000007863', '00000007855', 'Pine-apple stewed fruit 825 gr = Ананас - консер.фрукты', 'kg'),
('a141b709-5890-4e66-b471-8d85e72a782e', '00000018841', '00000007538', 'Мармелад Фигурный Клубника 13,5гр,24 шт', 'pack'),
('a1436918-8198-45f8-9954-6ddb5a30e108', '00000007819', '00000007808', 'Currant=смородина', 'kg'),
('a153a068-5de5-4bff-b1be-8a6623e99f46', '00000008300', '00000008279', 'Octopus=Осьминог', 'kg'),
('a19a6a3e-e6a4-450c-baca-bc6aeaf2d637', '00000007994', '00000007978', 'Pomegranate = Гранат', 'kg'),
('a1b37203-7987-4f8f-8f9c-2b402ec77e52', '00000008025', '00000007538', 'Dekofruit strawberry=декофрут клубничный', 'kg'),
('a1f85a2d-4655-442f-9a88-cc6ea58e8bb2', '00000015519', '00000007514', 'Хрустящее пироженое Три шоколада', 'eigh'),
('a207cbe0-7648-4d58-9ad0-75f238494cb8', '00000008307', '00000008279', 'Shrimps 26/30 = Креветки 26/30', 'kg'),
('a21b3e10-006e-47b4-b46e-a5bec358bb0c', '00000016905', '00000008125', 'черный перец в пакетике', 'eigh'),
('a2743262-9248-4290-ac88-43b4f0e88c98', '00000008316', '00000008279', 'Turbon=тюрбон (палтус)', 'kg'),
('a27a4cb8-6333-4b88-acaf-c4abbd7e7e6e', '00000008116', '00000008081', 'Vinegar rice=уксус рисовый', 'kg'),
('a29d2290-19b5-4da1-aa4b-7e3a22c45f24', '00000007744', '00000007733', 'Milk Ainalain = Молоко Айналайн ', 'l'),
('a2d2e4fa-61cd-44aa-8dad-780cb7c1c082', '00000007595', '00000007538', 'Poppy seeds=мак', 'kg'),
('a3215dd8-9659-48c0-aa7f-b377d1bf8797', '00000015887', '00000007538', 'Астри крем банановый', 'kg'),
('a38c531a-13e3-40d6-b73a-93623128b12c', '00000015898', '00000007538', 'Фонд Рояль Малина', 'kg'),
('a3b8b402-3bc8-4cc7-a184-471d9a07cb72', '00000018246', '00000008022', 'Honey Подарочный набор 0,35*3', 'kg'),
('a3f5d800-1015-4942-8ab0-465d612fb0e8', '00000015473', '00000008125', 'Salt sea=соль мосркая', 'kg'),
('a4a32b2d-713d-442f-843e-b037ce323d39', '00000008234', '00000008227', 'Lamb whole = баранья туша', 'kg'),
('a4c49da4-7d9e-4ac5-91f2-c4b14d99a104', '00000007797', '00000007769', 'Parsley french=Петрушка кудрявая', 'kg'),
('a510c71d-d026-4ffb-8f2a-e4e049911238', '00000008137', '00000008125', 'Gelatine sheet = листовой желатин', 'kg'),
('a56a8b73-ff47-4cfc-89fc-ef63b69ec7c1', '00000008282', '00000008279', 'Caviar black = Икра черная', 'kg'),
('a56f1c17-335e-4136-b0ab-d6115b6d6090', '00000008220', '00000008215', 'Karta=Карта (конина)', 'kg'),
('a5a21276-8c0c-4018-b53f-4f95b1a0731b', '00000007540', '00000007538', 'Almond sliced = миндальные слайсы', 'kg'),
('a5ae196d-001b-49e2-a7f0-25043fa9b0a5', '00000018450', '00000008125', 'Leen seeds = семена льна', 'kg'),
('a5d4c9d1-97d1-43c8-9c21-f6aa14254caf', '00000008053', '00000008046', 'Масло подсолнечное не использовать но не удалять!!!', 'l'),
('a5e6e160-1759-4a3b-ae8b-60b5037a0f2f', '00000007803', '00000007769', 'Shalfey=шалфей', 'kg'),
('a64d2c70-7787-4be8-b96a-6028e6d82251', '00000007812', '00000007808', 'Banana = Банан', 'kg'),
('a6604bf4-8976-4265-bdb6-989983dd4d63', '00000008192', '00000008187', 'Sugar white Radisson Sas 5 gr', 'kg'),
('a6774308-e0e1-43e0-83cd-d1127925376d', '00000007696', '00000007695', 'Cake cheese', 'kg'),
('a69ab9ad-a0f3-4aa5-921d-747ea2ce8c1f', '00000016586', '00000008125', 'Cumin=кумин (in pax.)', 'pack'),
('a69b7e29-9487-452a-9d2c-7e91faa9b8b0', '00000008097', '00000008081', 'Sauce Amoy 550', 'kg'),
('a6bf6b6b-0808-4af0-b2b2-bcd632c407c1', '00000008064', '00000008054', 'Pasta Integrali Fusilli 0.5 kg', 'kg'),
('a6bfe011-1e42-43f8-bf0d-486cdebaeed4', '00000015063', '00000007733', 'Yogurt fruit=йогурт фруктовый', 'eigh'),
('a6ddf9c9-dd1e-4246-8513-a43c6769f488', '00000007877', '00000007868', 'Carrot = Морковь', 'kg'),
('a70833d2-31c6-4671-9ecb-47a746a52831', '00000008157', '00000008125', 'Spice All = Специя Все', 'kg'),
('a740fbb6-8efa-4512-a64e-bc355ebabb23', '00000017311', '00000008279', 'Treska liver = печень трески', 'kg'),
('a79c224c-eceb-4c67-97ce-5f06beb09d90', '00000008264', '00000008249', 'Куриное копченое филе', 'kg'),
('a7a69fdf-843a-41ac-b6ee-5b40d2dfa09e', '00000017355', '00000008125', 'Spice Onion powder=луковые специи', 'kg'),
('a7d57a41-84df-49ca-9e2d-6051d66a56d8', '00000007779', '00000007769', 'Dill = Укроп', 'kg'),
('a812f79b-9fbe-4ab6-9031-749f27f58742', '00000018790', '00000008125', 'Spice masala', 'eigh'),
('a844bbd6-b2ca-4af2-98f4-2fdc0cda42a7', '00000008005', '00000007978', 'Чернослив сушеный не использовать но не удалять!!!', 'kg'),
('a8458b0b-7bc9-4af7-a76a-125e751bd93e', '00000008208', '00000008197', 'Beef smoked = Говядина копченая', 'kg'),
('a87deaff-a760-407e-83a9-0e69fa13681f', '00000016116', '00000008081', 'Hondashi=хондаши', 'kg'),
('a8b9d462-34d8-4757-bfc2-775bc91150e3', '00000008103', '00000008081', 'Sauce Peanut = Соус Арахис', 'kg'),
('a8cab951-f5ad-4706-ab46-a85bf436c97b', '00000007852', '00000007808', 'Черника черная не использовать но не удалять!!!', 'kg'),
('a8eb6260-c777-47fa-8de8-54a55a2186f6', '00000018241', '00000007538', 'Chocolate pallets = шоколадные паллетки', 'kg'),
('a93e3a51-2dff-4222-bdac-90843b7989b8', '00000016460', '00000008267', 'Sausage pork = Сосиска свиная', 'kg'),
('a9a05387-cf9d-43ac-9293-21d09b54d72a', '00000007738', '00000007733', 'Ice-cream in assitement = Мороженое в ассортименте L', 'l'),
('a9a3efb6-90b1-4b3c-9781-90d194f82972', '00000007776', '00000007769', 'Chiccory = цикорий (in kg)', 'kg'),
('a9d4bcd0-dc56-4145-93c3-b9a4f3f90560', '00000015776', '00000007733', 'Ice-cream Raspberry&Strawberry= Мороженое', 'l'),
('aa13e26a-c20f-4328-8f5b-b9086bd72659', '00000017842', '00000007538', 'Promofond Neutral', 'kg'),
('aa635fea-c92b-4ba4-9899-44c66601fb7d', '00000018686', '00000007514', 'Хлеб Фитнесс', 'eigh'),
('aa6461a6-6f9f-4708-93e2-5e63069fe58d', '00000015778', '00000007733', 'Ice-cream Pistachio= Мороженое ', 'l'),
('aa9521cb-6021-4773-82cf-a32672d8b0e2', '00000016866', '00000007937', 'Pea Mush=Маш', 'kg'),
('ab23d293-8bb4-4108-9077-56a0da443c68', '00000007569', '00000007538', 'Easy Cheabata', 'kg'),
('ab29591e-1738-4b5a-8716-c3696ed970e2', '00000007782', '00000007769', 'Kinza = Кинза', 'kg'),
('ab3e8bbb-257e-4009-8204-6dd9c6a96369', '00000015910', '00000008279', 'Shrimps 6/8 = Креветки 6/8', 'kg'),
('ab58afb6-a7ee-4d9d-84ef-a7bce29978e2', '00000018799', '00000008197', 'Beef leg okovalok= Говяжья ляжка оковалок', 'kg'),
('ab6b18c3-b580-450c-af8a-377c8513f8f4', '00000017527', '00000007538', 'Mastique import=мастика импортная', 'kg'),
('ab8c5d50-af6d-4663-8995-2bf3a84d8307', '00000008314', '00000008279', 'Tuna flakes=стружка тунца', 'eigh'),
('aba1775f-3307-4075-94c2-f3e09db766ab', '00000018283', '00000007733', 'Ice-cream Espresso', 'l'),
('aba76b29-d791-4a8f-9cba-b77b27260116', '00000008065', '00000008054', 'Pasta Lasagne 0.5 kg', 'kg'),
('abac140e-3b0d-4371-acac-18209bb7ebba', '00000014488', '00000007733', 'Yogurt turkian = турецский йогурт', 'kg'),
('ac0abb93-696e-4bc4-9d2a-8ce3e08e3243', '00000008283', '00000008279', 'Caviar green=Икра зеленая', 'kg'),
('ac72672c-d30e-4805-aafc-c2aab4bfabb6', '00000018050', '00000007769', 'Basil red = базилик красный', 'kg'),
('ad07b5eb-6384-4209-8568-dda352c9c990', '00000007915', '00000007913', 'Cucumber pickled=огурцы маринованные', 'kg'),
('ad3e8e15-5934-4882-b54d-477b644ac643', '00000018111', '00000008279', 'Gorbusha=горбуша', 'kg'),
('ad5d66b9-5a64-421c-9c36-1b64a39bc369', '00000007596', '00000007538', 'Puree black berry=земляничное пюре', 'kg'),
('ada2de87-e5ca-4944-b3df-4c21759dac81', '00000007551', '00000007538', 'Candy Ferrero Rocher', 'eigh'),
('adc6d71c-90cd-41ca-bfeb-215f982a7fa7', '00000018920', '00000007538', 'Паста красная СОСУ', 'eigh'),
('addc3b96-8eaf-46d8-b5c2-6a3f4dcf7023', '00000016315', '00000008125', 'Paprika=паприка (in pax)', 'pack'),
('adf92a4a-02b2-4d40-ad4a-b425ab0bb128', '00000018796', '00000007733', 'Milk 2.5% 1.0 по 1 тенге', 'l'),
('ae6599f2-fcce-47dd-93f4-68acf9a80534', '00000008092', '00000008081', 'Mustard portioned (40 gr) =Горчица порционная', 'eigh'),
('ae66be66-583e-412e-ac24-f2843aec5150', '00000008029', '00000007538', 'Honey=Мед', 'kg'),
('ae8a854b-938a-42d6-b0b2-fc41f5aca6f4', '00000018683', '00000007514', 'Булочка ночь ржаная', 'eigh'),
('ae9753a8-2c0e-411b-b362-9c15fa221fcf', '00000008190', '00000008187', 'Sugar brown = коричневый сахар', 'kg'),
('aec7612c-5e5c-406b-9620-d734ad3c0e28', '00000007771', '00000007769', 'Basil green = базилик зеленый', 'kg'),
('aef3020d-9a18-4908-9f34-1bab63e1c7b9', '00000008140', '00000008125', 'Mint leaves=Листья мяты', 'eigh'),
('af0ee1da-38de-47a9-8649-5e0457666073', '00000008089', '00000008081', 'Mayonesse portioned (35 gr) = Майонез порционный', 'eigh'),
('af1b4147-5f3b-433a-90b4-5c65a8674e5e', '00000017486', '00000007808', 'Oblepickha = облепиха', 'kg'),
('af261dfa-a05a-4360-b307-14f34692f181', '00000007747', '00000007733', 'Smetana = Сметана', 'kg'),
('af49a497-278d-43d0-8503-0f4636d989ee', '00000008181', '00000008125', 'Кубики магги не использовать но не удалять!!!', NULL),
('af67dc47-061a-4db1-b93b-a9e336ac5de8', '00000015475', '00000008125', 'Spice rosemary=розмарин (в шт.)', 'pack'),
('afe85b5f-fd11-4800-a357-7c86d0096100', '00000018838', '00000007538', 'Гель декор Пастель шоколад 6,5кг', 'kg'),
('b04f7202-e7b9-4b83-b97f-2d59cfa8adca', '00000007946', '00000007937', 'Perlovka=перловка', 'kg'),
('b052d327-689b-440d-862e-6dbf4e884bdf', '00000016488', '00000007937', 'Rice Tadjmahal=рис Таджмахал', 'kg'),
('b0a3d141-9f8a-4563-bb18-45d52b7642a0', '00000007703', '00000007695', 'Cheese cake=сыр-торт', 'kg'),
('b0a80b92-49d2-44eb-8bfb-092e8f42db7e', '00000007530', '00000007514', 'Toast bread=тостовый хлеб', 'kg'),
('b0d218a8-c20c-4024-972e-011166ea12bd', '00000008062', '00000008054', 'Pasta for sushi=лапша для суши', 'kg'),
('b0d8d00f-6c26-4272-949c-60bbab8b21bb', '00000007888', '00000007868', 'Mushroom button=Грибы шампиньоны', 'kg'),
('b13f2549-3774-4e12-b045-23e340b6ff97', '00000008340', '00000008335', 'Trout smoked=Форель копченая', 'kg'),
('b17f57bb-0b55-4e88-8c0f-ee946766f1c3', '00000008401', '00000007961', 'Cereals Pascual choco', NULL),
('b1e34f2f-dc9b-4fba-915e-b620d394512c', '00000018860', '00000007538', 'Печенье Скандинавское ', 'kg'),
('b21ff905-c268-40e8-bb23-de159e1524e4', '00000018309', '00000008279', 'Shrimps 31/40 = Креветки 31/40', 'kg'),
('b2b6a342-83e5-43d7-9f29-2ec5a39827a4', '00000008407', '00000007961', 'Chips Pringles bacon=Чипсы 43 gr', 'kg'),
('b31c8379-f5cd-4119-8555-c54db8312550', '00000018904', '00000008197', 'Beef meat Fillet=Филе шейной части', 'kg'),
('b374c3d0-ca9f-463c-851c-b29e4c794b2c', '00000017354', '00000007923', 'Red bean = красная фасоль', 'kg'),
('b399189a-4c48-403b-b3fd-b969b77c18ff', '00000007898', '00000007868', 'Potato = Картофель', 'kg'),
('b3b3b2ef-a17d-4936-809b-e76d69e24d7c', '00000007815', '00000007808', 'Cherry = вишня', 'kg'),
('b4131602-05e0-48c7-8ae3-92545566f4f6', '00000017422', '00000008335', 'Calamary rings = кольца кальмара', 'kg'),
('b42bd97e-3415-4cdc-a5ab-4f93a8134cf1', '00000008027', '00000007538', 'Honey floral 1.0', 'l');
INSERT INTO `products` (`ID`, `CODE`, `PARENT_CODE`, `NAME`, `UNIT_ID`) VALUES
('b438a073-2c80-4556-8f99-40ea8b40ffc3', '00000007794', '00000007769', 'Mint leaves = Листья мяты', 'kg'),
('b471f4dd-0b67-4502-8dab-27f718f22dc5', '00000014498', '00000008267', 'Колбаса п/к Байрам Халал', 'kg'),
('b4a21c19-3d44-47b0-a1cd-0eb52f768fcf', '00000008221', '00000008215', 'Karyn==карын', 'kg'),
('b4e26aca-75c3-4d77-b5ee-7eb21f02dda0', '00000008247', '00000008241', 'Pork rack=свиной карбонат', 'kg'),
('b4ec155d-dc4e-4271-b216-d9778af68c9b', '00000015064', '00000008081', 'Sauce pesto=соус песто', 'l'),
('b502ee1a-8a37-4eac-86c4-55d3cb15163e', '00000008022', '00000007932', 'Jam,honey,syrop=Джемы,мед,сиропы', NULL),
('b591fa7d-e2e1-4b6c-ae25-756d684b2595', '00000015891', '00000007538', 'Прома Фонд Дыня', 'kg'),
('b59dca62-a64f-4438-9fa4-9cccffbfc6ec', '00000008108', '00000008081', 'Sauce Warchester 200 ml', 'l'),
('b60f5c3d-d407-4de7-981f-7c3bafc95f33', '00000007750', '00000007733', 'Whipping cream Milram Schlagsahne 1 L=Взбитый крем', 'eigh'),
('b65e5b84-ede5-446d-9928-7289be1cb430', '00000016824', '00000008081', 'Mustard Wasabi=васаби', 'kg'),
('b696e692-70f7-422a-ba58-9c5f29703af6', '00000008171', '00000008125', 'Spices Cajun 2 kg', 'kg'),
('b6e80b90-f683-4de9-8c5f-1583b6cbd087', '00000008296', '00000008279', 'Lobster=Омар', 'kg'),
('b6e8e12e-0042-426e-9622-8eb7f82804e1', '00000018827', '00000008267', 'Колбаса Миланская В/С ', 'kg'),
('b71752eb-0f52-4870-a63a-b25ad57a7826', '00000008332', '00000008278', 'Seafood frozen', NULL),
('b756db87-6369-4aab-b14a-93364792fdf3', '00000018581', '00000007538', 'Chocolate struzhki = стружки', 'pack'),
('b77ab0f6-6972-4d46-a75e-08e8ef00f374', '00000007720', '00000007695', 'Cheese Mazzarello Buffalo', 'kg'),
('b78413e3-5d7f-46f4-8c2f-5271556e1985', '00000008174', '00000008125', 'Thume=Тимьян', 'kg'),
('b7af186e-bdec-4e28-8e39-34a94afe48ec', '00000008323', '00000008279', 'Морской черт не использовать но не удалять!!!', 'kg'),
('b841ab61-c7b2-4b4c-b913-50cd78959249', '00000007957', '00000007937', 'Горох не использовать но не удалять!!!', 'kg'),
('b86336dd-2ad2-4313-a127-f5cf5f45e8e3', '00000007598', '00000007538', 'Puree strawberry=Клубничное пюре', 'kg'),
('b8d11063-b30d-4750-ab0b-8be1f085680e', '00000008238', '00000008236', 'Manty=манты', 'kg'),
('b8d3f93e-b801-43fd-9dbc-491a55ce99a0', '00000007785', '00000007769', 'Lettuce Aisberg = Салат айсберг', 'kg'),
('b93238b9-280e-49e5-b640-028df7d6bb41', '00000015837', '00000008187', 'Sugar white with logo Radisson', 'eigh'),
('b9353882-e3d8-419d-866e-3dab78b40fdb', '00000016906', '00000008197', 'Beef stomack=говяжьи желудок', 'kg'),
('b94af990-782b-4fb1-b1b4-8dd948f3592f', '00000017834', '00000007538', 'Promocake = промокейк', 'kg'),
('b97c07bb-d217-496c-b2e9-00fd98b47055', '00000016005', '00000007868', 'Pea green fresh', 'kg'),
('b98ee8a9-11a7-438e-8ec0-62b6dc8558c7', '00000015251', '00000007937', 'Rice Jasmin=рис жасмин', 'kg'),
('bad2e241-6bb7-4fea-87f9-e9d70fdd811b', '00000015457', '00000007769', 'Sorrel=щавель', 'kg'),
('bb0c6592-f9b5-47da-823d-607afd89f151', '00000007701', '00000007695', 'Cheese Brie 0.125', 'kg'),
('bb39bf7c-45d8-4213-9a0f-d95020035850', '00000008284', '00000008279', 'Caviar red = Икра красная', 'kg'),
('bc11763a-a6df-43e4-b70b-4d7a67f4aa7f', '00000007624', '00000007538', 'Шоколадный батончик 50 gr (Mars)', 'eigh'),
('bc1ba5f8-b654-439d-a7f4-6107d6ea9bf7', '00000008210', '00000008197', 'Entrecote=Антрекот', 'kg'),
('bc1c288c-6671-43ed-8f86-01009c2558ba', '00000007916', '00000007913', 'Ginger picklet = Имбирь маринованный', 'kg'),
('bd0725ab-1e4d-4768-8782-c9aec4d28d72', '00000007935', '00000007933', 'Cacao powder=Какао порошок Nesquik Nestle 100 gr', 'kg'),
('bd1384a5-e0a0-4446-ad22-47fed037b4c0', '00000018668', '00000008197', 'Beef ribye', 'kg'),
('bd13ba60-0daa-4dee-b656-4c4ecb0f5ca4', '00000007961', '00000007932', 'Chips,cereals=Чипсы,хлопья', NULL),
('bd569e0b-3542-41ec-8b37-20fb6c79b83e', '00000007527', '00000007514', 'French baget w/sesame seeds = хлеб-багет с кунжутом', 'eigh'),
('bd6e220c-02eb-4b78-b573-3d654720591e', '00000015136', '00000007538', 'Muss=мусс', 'kg'),
('bd93469b-7735-4c29-a9b8-bdbbc96b4167', '00000007920', '00000007913', 'Tomatoes pickled Mutti=Помидоры маринованные (соус-пюре)', 'kg'),
('bdb844c8-268b-4ffe-96a8-f6865d057e49', '00000008216', '00000008215', 'Horse heart = сердце конины', 'kg'),
('be1ed612-6ac2-48b6-abdb-4751567f20e2', '00000007571', '00000007538', 'Fitness bar', 'kg'),
('be2e786c-0bea-4a1b-a1bf-096e24877d33', '00000014496', '00000008267', 'Колбаса Восточный Халал', 'kg'),
('be40a7ae-58e5-430f-ad8a-d86b531a8fc3', '00000013069', '00000007538', 'Soda=сода пищевая', 'kg'),
('be52aafb-0b3b-49a4-99e8-d416db7ebe3a', '00000008084', '00000008081', 'Fish sauce', 'l'),
('be58a269-51c1-428b-9fb0-a7e3ce7e3005', '00000008269', '00000008267', 'Ham = Ветчина', 'kg'),
('be749247-d261-4102-ae39-ff4ad0a0b88c', '00000008320', '00000008279', 'Water plant Wokame=водоросль Вокаме', 'kg'),
('be7931e8-2dd6-4926-af7e-bb92ba10411f', '00000017647', '00000008125', 'Spice Badjan', 'kg'),
('be8bdf02-1d0f-4a3f-9c67-d95bd38d1c59', '00000008308', '00000008279', 'Shrimps baby=Креветки бэйби', 'kg'),
('be91ccd2-bed6-42bd-9194-7cce57ad074f', '00000008311', '00000008279', 'Sturgeon=Осетр', 'kg'),
('beb8c708-8bff-4c21-b504-60450920d7a2', '00000018856', '00000007514', 'Хлеб мультизлак пшеничный с корочкой', 'eigh'),
('bebec222-5d93-454d-8758-7a7a808190c3', '00000008241', '00000008196', 'Pork=Свинина', NULL),
('bf0cbf8e-4079-470e-85b4-2a4a1afb4435', '00000007606', '00000007538', 'Tegral Satin Cake', 'kg'),
('bf6e8eb4-81b2-46f1-8cf8-1ef2906e88f0', '00000008186', '00000008125', 'Шафран = Spice Safran 0.005 kg не использовать но не удалять', 'kg'),
('bf916ac3-a5db-4f56-ad95-c533b1e14ba3', '00000008303', '00000008279', 'Scallops=Гребешок морской', 'kg'),
('bfb68fd6-493b-4f56-8133-7f7df66f61c7', '00000018825', '00000008279', 'Pike-perch smoked', 'kg'),
('c02ef437-1da9-4644-9568-77bd3a03d149', '00000007748', '00000007733', 'Soy milk=соевое молоко', 'l'),
('c04df6bc-08f2-463a-97a2-23eb820659f8', '00000015275', '00000008054', 'Funchoza=фунчоза', 'kg'),
('c059820c-7f26-49ed-ae70-aa4dde69fc81', '00000008335', '00000008278', 'Smoked sea food=Копченый морепродукт', NULL),
('c0a31aa8-aa65-416c-881d-406c30401477', '00000007982', '00000007978', 'Cashew for minibar = Кешью для минибара', 'kg'),
('c0ac77b1-a133-42b5-88a0-7247208eac12', '00000007854', '00000007808', 'Яблоко не использовать но не удалять!!!', 'kg'),
('c0c45899-c7b9-46d3-82c0-c17faa8abfdc', '00000007954', '00000007937', 'Rice wild=дикий рис', 'kg'),
('c0ef5f6a-fbf7-44cb-a940-fc59e138cb42', '00000017338', '00000007808', 'Pineapple dry = ананас сушеный', 'kg'),
('c0f06315-10d9-409a-b789-b85119f7e926', '00000007547', '00000007538', 'Bread improver = улучшитель хлеба', 'kg'),
('c1ad9c23-edb7-49dc-8c05-dc863ac9fe7a', '00000008143', '00000008125', 'Paprika=паприка', 'kg'),
('c1dc6c6a-f7c7-4c0d-bf4e-8bf88cc769ae', '00000018025', '00000007769', 'Lettuce mini mix', 'kg'),
('c1ecfea7-6f6d-4523-ac07-e2cc1f3007d7', '00000014567', '00000007538', 'Pachlava = Пахвала', 'kg'),
('c24c8d3e-5c78-46a1-b687-d301e5bd04df', '00000018010', '00000008197', 'Beef rack import=говяжьи карбонат', 'kg'),
('c2946b25-99c9-402a-b036-d75b38fd8ca3', '00000015636', '00000007538', 'Choco-rur=шоко-рюр', 'kg'),
('c2b69c2e-4787-4b01-97cc-5e862050f10a', '00000014538', '00000007733', 'Kurt = Курт', 'kg'),
('c379bb75-b623-4186-9d05-cdb949e62be9', '00000008364', '00000007538', 'Margarine Aloha=маргарин Алоха Пастри', 'kg'),
('c39b4e8d-eb7f-4a1f-99e0-f8c3b7f896a7', '00000018802', '00000008197', 'Олень филе', 'kg'),
('c3b5fe9d-3fc4-4f6f-ad83-7aaffed7f582', '00000008195', '00000008187', 'Сахар не ипользовать но не удалять!!!', 'kg'),
('c40c269c-94fb-40c7-88ee-1035a8867595', '00000018407', '00000007961', 'Pop-corn=попкорн', 'eigh'),
('c40d1af1-a91d-46fd-8a27-490cb90e0d44', '00000008219', '00000008215', 'Horse meat=Мясо конина', 'kg'),
('c43a6768-459b-4efd-87a7-4cf6ef2b5907', '00000008297', '00000008279', 'Mix sea food = Морской коктейль', 'kg'),
('c446d1e9-7323-4de5-921c-c0ea6a72347b', '00000018310', '00000008197', 'Beef fat = говяжий жир', 'kg'),
('c4485421-283e-4505-8c4f-ff51713617f1', '00000018003', '00000008125', 'Spice Carnation=гвоздика специи', 'eigh'),
('c489cd10-2c08-4924-8a55-d3c2c91beddb', '00000015518', '00000007514', 'Канаппе Вкусы Франции', 'eigh'),
('c48de1f0-8227-4a36-8bcb-4a8f7d0d7373', '00000015250', '00000008081', 'Pasta pepper chilli', 'kg'),
('c4a262d2-801f-43cd-af62-6eb74a0a64e0', '00000016617', '00000007538', 'Сухари панировочные (в пач)', 'pack'),
('c4b640e9-5d97-4f21-89f7-e9097c8f1a86', '00000007870', '00000007868', 'Asparagus white=Спаржа', 'kg'),
('c4d52563-07d9-496a-bfd0-34ca6491c91e', '00000007734', '00000007733', 'Butter = Масло сливочное', 'kg'),
('c514a905-3638-43a4-bba7-375658400a33', '00000017876', '00000007538', 'Zefir=зефир', 'kg'),
('c5217a43-cb1c-41b3-8bce-32f00a786b0c', '00000008329', '00000008324', 'Snail tinned = Улитка консервированная', 'kg'),
('c59d89fa-f8e5-46ca-9360-74ce1abda431', '00000017942', '00000008241', 'Pork shea=свиная шея', 'kg'),
('c59d8d31-cbcd-46b0-8f04-16036e9e1b18', '00000007922', '00000007913', 'Truffles tinned=труфели консервированные', 'kg'),
('c5da40b3-914d-4b5e-a0d2-33118e86e2b7', '00000015078', '00000007937', 'Rice "Akwatica" 0.5=Рис Акватика черный 0,5', 'kg'),
('c5e5ac5c-0d58-4039-b6a4-ebec61cd69da', '00000008350', '00000007695', 'Cheese Boursin Pepper=Сыр Бурсин с перцем', 'kg'),
('c5ec77cf-d1ce-4941-9f10-c0c0c085c651', '00000008120', '00000008081', 'Соевый соус (kg)', 'kg'),
('c5fb17c7-9679-44b6-ba0f-ba4cd7bac06f', '00000008115', '00000008081', 'Vinegar grapes = Уксус виноградный', 'l'),
('c60f20b9-4ffd-4cf3-9fae-f5f2132f40da', '00000016848', '00000007913', 'Ginger molotiy=имбирь молотый', 'pack'),
('c6294adf-a312-4065-8ebb-78c920b13461', '00000007605', '00000007538', 'Tegral Bisquit=Бисквитный порошок', 'kg'),
('c649a017-ee82-48ef-a6d8-f462f61a376c', '00000016826', '00000008197', 'Beef asabuka=асабука', 'kg'),
('c6abc41f-46dd-4ddd-b07d-234b594f14a0', '00000008301', '00000008279', 'Pike-perch fillet = Филе судака', 'kg'),
('c6bf6d08-2ec9-455a-b742-80a703b0b418', '00000018250', '00000007769', 'Lettuce mix', 'kg'),
('c6cf78fa-bc1e-48dc-9cab-08eed6b7b4d5', '00000017835', '00000007538', 'Promofond Extra', 'kg'),
('c6e1b137-99ac-4bf6-ba15-3f66f66f83ba', '00000007939', '00000007937', 'Buckweat = гречневая крупа', 'kg'),
('c72c70e0-e701-4f6e-a019-cd5f3498e3ec', '00000008290', '00000008279', 'Eel smoked=угорь копченый', 'kg'),
('c7609557-0b6e-4fa9-9e60-2a8237dd3f0f', '00000008225', '00000008215', 'Zhaya smoked = жая копченое', 'kg'),
('c77d4d21-2bd7-48b7-a924-373665009621', '00000018843', '00000007538', 'Конфитюр гомогенный Киви 14 кг', 'kg'),
('c77fc57e-8936-4ae8-975f-a4a98f523afa', '00000008304', '00000008279', 'Sea bass=окунь', 'kg'),
('c7aa047d-bc69-4b59-ac0f-755c070352ed', '00000008003', '00000007978', 'Кишмиш темный не использовать но не удалять!!!', 'kg'),
('c7b4e69c-e8d7-4922-b4d6-0d801e3e725d', '00000015166', '00000008279', 'Dorado=дорадо', 'kg'),
('c7d0f43b-5783-4c90-a8e4-a676b2d8e8f2', '00000008325', '00000008324', 'Anchovi in tin = анчоусы', 'kg'),
('c7f7db0c-d16c-44e0-a528-b7199b7694d3', '00000017644', '00000008227', 'Баранья черева', 'eigh'),
('c8088de6-3491-4957-b0bb-bfebac82bc5a', '00000014495', '00000008267', 'Колбаса Пикантная Халал', 'kg'),
('c88037c0-3ec2-4c04-93ae-3cc9625c9b05', '00000008338', '00000008335', 'Salmon smoked=Лосось х/к', 'kg'),
('c8adc3ea-649c-4ac3-b1e9-a9a7d41a0047', '00000018862', '00000007538', 'Печенье Мраморное ', 'kg'),
('c8fd8245-e8d6-4b35-b304-a6690d76512e', '00000008341', '00000008335', 'Копченая скумбрия=Mackerel smoked', 'kg'),
('c91bc9b9-a04d-46c9-b5a4-bdc5d94322b9', '00000017223', '00000007538', 'Вафли', 'kg'),
('c92d0e68-1d1e-475d-ace6-d3a2f77be8c9', '00000014494', '00000008267', 'Колбаса вар.Оригинальная "Халал"', 'kg'),
('c94bfc45-82e9-4e0a-9942-89bf5501a203', '00000007619', '00000007538', 'Маргарин для выпечки', 'kg'),
('c9b094fa-77f2-4a41-8da4-c84cde8aeb2d', '00000017792', '00000008249', 'Perepelka=перепелка', 'kg'),
('c9b24515-c0e5-4def-8c5d-2eb5ca6a294e', '00000008309', '00000008279', 'Sole=морской язык', 'kg'),
('c9ddf3dd-487e-4441-ab2c-a81a82b9e26d', '00000016825', '00000008081', 'Mustard Wasabi=васаби (in pax)', 'pack'),
('ca144f55-883a-40cb-8b4c-45b42aae2779', '00000007938', '00000007937', 'Bean kidney red=Фасоль красная', 'kg'),
('ca1d0783-5bde-4858-82fc-8d6e2d2f0a31', '00000016699', '00000008249', 'Goose fat=гусиный жир', 'kg'),
('ca23a5f8-0ea5-4428-bf37-dc25c5056d09', '00000016399', '00000007538', 'Chocolate milk=шоколад молочный', 'kg'),
('ca4c54c8-7d67-4137-ab3c-744f29f39fd3', '00000007865', '00000007864', 'Olives=Оливки, маслины', 'kg'),
('ca635c72-3d51-4369-a09f-16f687174329', '00000016079', '00000007978', 'Muskat=мускат', 'kg'),
('ca799c64-de52-4aac-b4c7-5c721ded4002', '00000008333', '00000008332', 'Mix sea food = морской коктейль', 'kg'),
('ca89de25-ec94-4116-b297-47b7ce5b12e7', '00000008226', '00000008215', 'Zhaya=Жая', 'kg'),
('caae6628-c2b0-4208-be47-9269b4a60fcd', '00000017948', '00000008125', 'Spice Garlic Dry = чеснок сухой', 'kg'),
('cacc59ac-03df-49a5-bde9-393384b8976c', '00000008305', '00000008279', 'Shrimps 16/20 = Креветки 16/20', 'kg'),
('cad14670-feea-471b-8b7c-340b21a9cee1', '00000008012', '00000007538', 'Pudding vanilla=пуддинг ванильный', 'kg'),
('cad73ff0-75f9-4648-bc43-c402556d01bb', '00000016213', '00000007808', 'Cherry frozen=вишня', 'kg'),
('cadfabff-9159-4793-9251-14fa00c9ec59', '00000007758', '00000007733', 'Маргарин не использовать но не удалять!!!!', 'kg'),
('cae971e6-52c2-4369-88e9-8f9b9ac65633', '00000013257', '00000007769', 'Parsley =Петрушка (в кг)', 'kg'),
('caf5662e-a17d-4ac5-973f-f3a5e57c6bb1', '00000008415', '00000007769', 'Cedar Sim-sim 30 gr', 'kg'),
('cbee2cdc-ad1e-4949-9335-df13ae3a6372', '00000007829', '00000007808', 'Kiwi=Киви', 'kg'),
('cc389f86-2bfb-4958-bcd8-dface5e4d447', '00000008058', '00000008054', 'Macaroni Sultan 0.25 kg', 'kg'),
('cc773a1d-5c42-4fdc-b8e0-8d9d41a3b121', '00000008288', '00000008279', 'Crayfish = Рак', 'kg'),
('ccab675d-2f99-4ecf-9717-9a07f95f8cee', '00000013315', '00000008279', 'Shrimps 8/12 = Креветки 8/12', 'kg'),
('cd25feba-f764-4b05-b386-5e603120504c', '00000008313', '00000008279', 'Tuna fillet=Филе тунца', 'kg'),
('cd2f2bbb-f7e2-42fe-a305-9d9d3223e1f4', '00000008331', '00000008324', 'Tuna tinned=Тунец консервированный 1.7 kg', 'kg'),
('cd4596e6-529f-4015-a9c6-670254218b0f', '00000008052', '00000008046', 'Truffle oil=трюфельное масло', 'l'),
('cd60d0ee-457d-4faa-848a-7f45453bf953', '00000008422', '00000008420', 'Flour Tsesna high sort pshenichnaya 50 kg=Мука (NO)', 'kg'),
('cdd7c5da-31bd-48a8-8386-d45ce5523f9d', '00000017332', '00000008054', 'Funchoza=фунчоза (in pax.)', 'pack'),
('ce338ac4-ffbb-442e-84a9-31d390b84f8d', '00000008194', '00000008187', 'Сахар Айпак 5кг не использовать но не удалять!!!', 'kg'),
('ce36cdc8-d173-4b73-8948-25d51c3c137b', '00000015499', '00000007868', 'Radish daikon=редис дайкон', 'kg'),
('cf37c314-9961-41e3-aee2-04249c50a35c', '00000008016', '00000007538', 'Dough Fillio=Тесто', 'kg'),
('cf64116e-a664-4c8b-8b9c-bbc012d8ae9f', '00000007844', '00000007808', 'Strawberry = Клубника', 'kg'),
('cf7d5454-fba9-4710-aafb-d921e1793932', '00000017529', '00000007538', 'Drazhe import in assortment=драже имп.в асорт.', 'eigh'),
('cfb1e69b-a613-49ff-906d-ef119633dccb', '00000008218', '00000008215', 'Horse lungs = легкие конины', 'kg'),
('cfbdc436-aee2-4fc5-901c-c9c8167e2b3e', '00000007981', '00000007978', 'Cashew = Кешью', 'kg'),
('d0143cd1-eef6-406b-917a-c72e89f10787', '00000018179', '00000008279', 'Щука', 'kg'),
('d058a69f-f50b-4407-89e2-b5a813cf61b0', '00000007715', '00000007695', 'Cheese local = сыр российский', 'kg'),
('d078dc4d-ca9e-4b55-bd6a-278f417e9bb4', '00000008215', '00000008196', 'Horse meat=Конина', NULL),
('d0c02a21-b2c7-4d35-b7b1-10d3db600c36', '00000015892', '00000007538', 'Прома Фонд Йогурт - Таёжная ягода', 'kg'),
('d0cb6457-7bfa-4bfd-8955-22fec8a69d3b', '00000015349', '00000007961', 'Musli fitness bar', 'kg'),
('d147f980-045a-464f-997f-ad71543ab0cf', '00000018877', '00000007695', 'Cheese Suluguni', 'kg'),
('d235b655-0ae1-486d-98e1-2bf6ffde5486', '00000018196', '00000008197', 'Говядина внешняя часть бедра Silverside', 'kg'),
('d23bc3c2-442f-443b-91a6-1bcff0324c6d', '00000008274', '00000008267', 'Sausage = Сосиска', 'kg'),
('d27396dd-5f1b-41bf-a049-ab018e8bcc3a', '00000015413', '00000007961', 'Chips Nachois=Чипсы Начос', 'kg'),
('d28c07bd-6f99-40dd-b4b0-98a3f68ae46a', '00000007789', '00000007769', 'Lettuce Frize=Фризе', 'kg'),
('d2968b42-2258-4fa0-a4d2-2e202150af1e', '00000018545', '00000008197', 'Ягнятина вырезка Prime Food', 'kg'),
('d2d11d36-91b9-44aa-a03c-c99ae3ab5936', '00000008128', '00000008125', 'Bay leaf=Лавровый лист', 'kg'),
('d2ecd5f5-f3e6-429e-8478-c8f72de22176', '00000018558', '00000007733', 'Kospa', 'kg'),
('d2f475d5-f75d-4c9b-8a86-ba743204e782', '00000018682', '00000007514', 'Корншпиц', 'eigh'),
('d321d49d-e4fe-4bef-9cda-448705f8267d', '00000008410', '00000007961', 'Chips Pringles paprika=Чипсы 50 gr', 'kg'),
('d32ea5be-d660-41c8-8ac0-cab1bf50617f', '00000018814', '00000007538', 'Cookies ', 'kg'),
('d37a063b-ae09-440b-ad70-93f2c46fa6c6', '00000007795', '00000007769', 'Onion green=Лук зеленый', 'kg'),
('d3b76631-6d9f-4051-8865-ce6a0182d874', '00000007818', '00000007808', 'Cranberry=клюква', 'kg'),
('d3def33b-de88-41bc-bbab-8a74215367ca', '00000007781', '00000007769', 'Green bean=зеленый горох', 'kg'),
('d3fa3e43-cb40-4534-a1e5-669dbd3b2205', '00000008159', '00000008125', 'Spice Chicken Seasoning 0.7 kg=Приправа для курки', 'kg'),
('d415f6e9-4d90-462c-815f-18e4020a0841', '00000017786', '00000007933', 'Chocolate Kazakhstan Simvolika', 'eigh'),
('d43aeaf8-440b-4f47-83e4-f7f1f61ba155', '00000015838', '00000008187', 'Sugar demerara=сахар тростниковый', 'kg'),
('d48da8dd-e010-41c5-8b7a-90b1c47bfb2b', '00000007891', '00000007868', 'Mushrooms white =белые грибы', 'kg'),
('d4a34f3d-63e8-48be-b763-6f1a8b671648', '00000018716', '00000008081', 'Soy meat', 'kg'),
('d4a640f2-8116-459d-893b-856efd7da1d0', '00000008132', '00000008125', 'Cinnamon=Корица', 'kg'),
('d4bf2209-fa55-4fe7-812a-c972223e5f76', '00000007944', '00000007937', 'Oatmeal = овсянка', 'kg'),
('d59d0522-ff59-440d-b965-4e309849dcef', '00000018846', '00000008014', 'Рисовая бумага', 'kg'),
('d5c56bc0-6751-4e0b-9380-6efe5239da25', '00000016462', '00000008267', 'Sausage beef = Сосиска говяжья', 'kg'),
('d5d98cfb-1f2e-4d0c-8455-f85887888014', '00000008293', '00000008279', 'Halibut frozen = Палтус свежемороженый', 'kg'),
('d6369c00-fad1-4555-b47e-1dd765f81312', '00000007842', '00000007808', 'Raspberry = Малина', 'kg'),
('d66fad6e-362b-440f-befd-22d65f53bb8a', '00000008260', '00000008249', 'Goose liver=печень гуся', 'kg'),
('d6b3676d-7795-4310-9198-7193d6368c56', '00000007904', '00000007868', 'Vegetable-mixed=овощная смесь', 'kg'),
('d7d7748a-8551-4c7a-9764-90337317be8b', '00000013314', '00000008081', 'Vinegar balsamic 0.25ml = Уксус бальзамик 250мл', 'l'),
('d8380bc8-4dbe-4d8f-b0c2-2311f270cd3b', '00000015883', '00000007733', 'Ice-cream Coconut Chocolate', 'l'),
('d8462980-a2b1-430b-89ef-d583411b201d', '00000018962', '00000007538', 'Candy Merci', 'eigh'),
('d8616d4a-69af-4eb4-9883-a6fc01165f06', '00000017032', '00000007733', 'Сырок глазированный', 'kg'),
('d866088e-0cf1-45bf-a001-6e26d4a07b43', '00000007876', '00000007868', 'Cabbage white = Капуста светлая', 'kg'),
('d8a2d9ca-fe11-4f5a-8a1d-afe74f83ee88', '00000018678', '00000007514', 'Хлеб пшеничный с корочкой', 'eigh'),
('d903e083-7d69-4730-9940-6730802bfc00', '00000018546', '00000008197', 'Ягнятина окорок без кости Prime Food', 'kg'),
('d92dab4a-99de-4fbd-8191-1af81b6c4dd6', '00000016700', '00000008125', 'Pepper rose=Перец розовый', 'kg'),
('d9687116-1b6d-466f-ad76-c3ab576e299b', '00000007845', '00000007808', 'Tangerines = Мандарин', 'kg'),
('d97ba91d-6485-42db-a822-f08beda693f9', '00000007778', '00000007769', 'Dill (in pcs.) = Укроп', 'eigh'),
('d9b3d554-7e25-499a-8a60-11c4197314c9', '00000015469', '00000008125', 'Spice oregano=орегано специи', 'kg'),
('d9c74f9e-0a26-4d8a-8f9f-8bcaedac8049', '00000015229', '00000008279', 'Shrim chips=креветочные чипсы', 'kg'),
('d9dd5603-9e0f-4754-924d-4125fe1f3bc8', '00000007899', '00000007868', 'Radish = Редис', 'kg'),
('d9e5b58a-9c93-49b1-b153-9f6efbbf11e0', '00000007777', '00000007769', 'Coriander=Кориандр (in pcs.)', 'eigh'),
('da208fd2-8f42-421b-9d86-123ab4790005', '00000018255', '00000007538', 'Chocolate Alpen Gold', 'eigh'),
('da20bf8a-cb2d-4eb1-9c1e-d7dc73def1bc', '00000007925', '00000007923', 'Assorti pikuli vegetable=ассорти овощное', 'kg'),
('da4cb298-840b-4ae3-b1ba-98d0b2a0dc0a', '00000016527', '00000007937', 'Pea Nut=Горох Нут', 'kg'),
('da6e1528-16fe-47ee-8f56-9b464c33b4bc', '00000015352', '00000008081', 'Sauce Curry pasta', 'kg'),
('dab884b6-d36e-424d-a467-8b040b28f117', '00000015548', '00000007538', 'Cristalin=кристалин', 'kg'),
('daca9550-f246-49ca-a00a-b9898a3b757a', '00000018416', '00000008125', 'Spice Muscat nut', 'kg'),
('dadec120-0aa9-4720-b5ef-08546e91d130', '00000008272', '00000008267', 'Salami Milano=салями Милано', 'kg'),
('daeab6d7-0535-4363-b1fc-b833a62bee22', '00000008229', '00000008227', 'Lamb leg=Ляжка ягненка', 'kg'),
('dafbf53e-8a86-43c0-b567-c97ab3f58058', '00000007576', '00000007538', 'Gel mirror = гель для тортов', 'kg'),
('db528f01-4139-47c6-a67c-423d5b24107b', '00000017339', '00000007808', 'Kiwi dry = Киви сушеный', 'kg'),
('db5e7aa9-6df7-4cbc-8725-72b45fe4afb9', '00000013292', '00000007978', 'Fruits dried = фрукты сушеные в шт', 'eigh'),
('db91a04d-eb9f-44bd-8b5a-1e9b68ffc01d', '00000007919', '00000007913', 'Radish pickled=редис маринованый', 'kg'),
('db9bfdef-858d-415d-92ed-f0f66c6fdc3f', '00000008327', '00000008324', 'Capers pickled=Каперсы маринованные', 'kg'),
('dba34996-da38-423b-a41d-2c0fc396eb53', '00000008075', '00000008054', 'Pasta Tagliatelle = макароны Таглиателли', 'kg'),
('dbb5bedb-a9bc-4a34-a6fe-e3a421fb761a', '00000008201', '00000008197', 'Beef fillet import', 'kg'),
('dbc4d7f6-087f-4220-bfad-91d8ab291fb6', '00000008403', '00000007961', 'Cereals Pascual Hampa', NULL),
('dc32f9ff-d46e-4b80-868e-daff9ccd98f6', '00000007574', '00000007538', 'Food color = краситель пищевой', 'l'),
('dc3b1419-ff02-44ae-a88e-2a0f5f04963c', '00000018161', '00000007868', 'Green bean frozen = фасоль с/м', 'kg'),
('dc5727d5-0bd2-42a4-8918-a9d620c50006', '00000008049', '00000008046', 'Oil Sunflower 5.0 l', 'l'),
('dc657dcd-c936-4502-9b5c-a0586a8e5a89', '00000014542', '00000007937', 'Psheno = Пшено', 'kg'),
('dca24233-d59c-4f32-a88c-34755f23577b', '00000008259', '00000008249', 'Egg = Яйцо', 'eigh'),
('dcbd16da-d324-4813-a0c2-2f78904d3cc6', '00000008098', '00000008081', 'Sauce Demy Glace 1kg', 'kg'),
('dcf4638f-88aa-4823-b5f8-5b0216638039', '00000008149', '00000008125', 'Pepper white moloty=перец белый молотый', 'kg'),
('dd687ade-7b3a-476f-b9f9-5e5b241d46c8', '00000007820', '00000007808', 'Date=финик', 'eigh'),
('ddb02e92-8d21-466b-8edc-c8351717b94b', '00000015495', '00000008227', 'Lamb head=баранья голова', 'eigh'),
('ddc36d80-f092-4834-b943-9ace75e16c55', '00000017631', '00000008332', 'Keta smk.=кета копченая', 'kg'),
('ddce3c89-3663-473b-9dec-36b86ca3c724', '00000015066', '00000008125', 'Mustard seeds=семена горчицы', 'kg'),
('ddf9c2f7-8b90-4e28-b3aa-d9ec4e92b124', '00000016791', '00000007538', 'Sesame seed black=кунжут (in pax.)', 'pack'),
('de7427c3-b880-41a5-93b4-56147f0ccb01', '00000007561', '00000007538', 'Chocolate Sticks=Шоколадные палочки', 'kg'),
('de75ef0f-e797-4935-9444-f0d174d362cc', '00000007936', '00000007933', 'Chocolate hot in sashets=горячий шоколад 0.025 kg', 'eigh'),
('de761c10-53b7-4254-b468-d12981a44a72', '00000018515', '00000008215', 'Horse kishki (n met.)=кишки конина', 'm'),
('de986358-08cf-41ea-a42e-be06cae00f89', '00000014527', '00000008249', 'Quail egg = перепелиное яйцо', 'eigh'),
('deb2fadd-6450-4acf-a1c2-78a2b6a55010', '00000016779', '00000007923', 'Mushrooms Shitaki=грибы Шитаки', 'kg'),
('dec8faad-d078-4183-aa0f-72b93bd96098', '00000018887', '00000008335', 'Угорь г/к', 'kg'),
('dee398bd-60ac-45f9-8799-6594fee72820', '00000008205', '00000008197', 'Beef liver=говяжья печень', 'kg'),
('df9a1354-6eaa-4b5d-9224-be1151a990e4', '00000008287', '00000008279', 'Crab sticks=крабовые палочки (in kg)', 'kg'),
('df9cc25a-84ef-4cda-926b-b1a24e52b534', '00000007763', '00000007733', 'Сметана не использовать но не удалять!!!', 'l'),
('df9d5b1e-002c-441b-984f-aa7e758e0346', '00000007873', '00000007868', 'Brocole = Капуста брокколи', 'kg'),
('df9f1daa-eb7c-4ebb-b777-67c822c95cfd', '00000007550', '00000007538', 'Cacao powder=Какао порошок', 'kg'),
('dfe56d07-98e8-479d-9430-79ee849ba4b9', '00000008230', '00000008227', 'Lamb liver = баранья печень', 'kg'),
('e0152d68-369a-4609-8a6c-25b379a8d033', '00000015035', '00000008241', 'Bacon import  = Бекон импортный', 'kg'),
('e047bfd6-03be-469e-94dc-d54e98eb0b11', '00000007921', '00000007913', 'Tomatoes pickled=Помидоры маринованные', 'kg'),
('e048a230-61ce-4a78-a61c-416ef2bbee5d', '00000015458', '00000007937', 'Lentil green = чечевица зеленая', 'kg'),
('e0a01ee6-8679-487b-97f0-16cd8068ceb8', '00000008248', '00000008241', 'Pork smoked rack=свиной копченый карбонат', 'kg'),
('e13e0969-30fd-4d99-818e-9c74b04f0fc4', '00000013251', '00000007538', 'Candy in assortment = Конфеты в ассортименте', 'kg'),
('e18e58db-92a6-4d00-9741-39fb2c39fec8', '00000016630', '00000007868', 'Onion - chieve  = Лук-резанец', 'kg'),
('e1d999fe-7d46-477d-b762-493481d64d31', '00000018917', '00000007538', 'Астри мафин концентрат', 'kg'),
('e1e25980-0765-40bb-b4f0-979f53696cd6', '00000015165', '00000007733', 'Milk portioned in pcs.=сливки для кофе', 'eigh'),
('e1e8ccf8-9488-4709-bd29-bf8db43d45fc', '00000008257', '00000008249', 'Duck breast=Грудка утки', 'kg'),
('e1fae294-b362-42a2-ab9e-894b8b79ce3d', '00000017291', '00000008335', 'Escolar smk.=эсколар', 'kg'),
('e24903ca-3ee1-4702-8aa6-55c591f0a0ab', '00000008334', '00000008332', 'Salmon frozen = Лосось замороженный (Семга)', 'kg'),
('e2b0f32e-0fc0-43bf-9830-16ac90df13b9', '00000007860', '00000007855', 'Pшт stewed fruit 800 gr = Персик- консер.фрукты', 'kg'),
('e2d7c917-274b-474f-99ce-470258770e9b', '00000016328', '00000008267', 'Tallow=сало', 'kg'),
('e2f01ae1-e486-4a2f-bae5-e30121b8d5c4', '00000007902', '00000007868', 'Tomato = Помидоры', 'kg'),
('e307d85a-2fdf-4619-936d-6462a0ce2805', '00000008197', '00000008196', 'Beef=Говядина', NULL),
('e33db8f7-75de-44e3-abc2-f39e773835f1', '00000008054', '00000007932', 'Pasta=Макаронные изделия', NULL),
('e3412c43-7d08-4212-913d-8c7e7724786c', '00000008266', '00000008196', 'Яйца', NULL),
('e34ecb7f-b0ea-4a59-a676-cfbd9c4e55b7', '00000018687', '00000007514', 'Хлеб фруктовый со злаками', 'eigh'),
('e39afe7d-38fd-4387-b516-9cd1bbac1b16', '00000015496', '00000008249', 'Ostrich meat=страусиное мясо', 'kg'),
('e3e9d519-58d0-4253-a371-333e97f63e81', '00000008317', '00000008279', 'Water plant Chuka=водоросли Чука', 'kg'),
('e403e602-04fc-497b-890e-8fb0085beae6', '00000016465', '00000008227', 'Lamb rack sboy = бараний сбой', 'kg'),
('e464c13f-09c8-495d-acd3-f3b8711c9181', '00000013268', '00000007769', 'Fizalis = Физалис', 'kg'),
('e46d1d7a-cac5-48f9-a417-d8f51f3cbac4', '00000007567', '00000007538', 'Cream Cremico=Крем', 'kg'),
('e4bf6ced-a070-4c77-b84a-814837b578a4', '00000007565', '00000007538', 'печенье', 'kg'),
('e509c837-9cdb-4304-8b14-ca693b4e94c9', '00000008409', '00000007961', 'Chips Pringles paprika=Чипсы 43 gr', 'kg'),
('e51c7a21-1445-44b2-86d8-eba23d396796', '00000008134', '00000008125', 'Coriander=Кориандр', 'kg'),
('e52b86f6-5154-4cb5-af9e-3366c24b22ba', '00000007950', '00000007937', 'Rice = рис', 'kg'),
('e544e3b1-087e-4af8-aeac-72dbeb158c8a', '00000010651', '00000007538', 'Tartlet form = форма для тарталетки', 'eigh'),
('e54793e4-e913-42df-87b9-f4b201f021ff', '00000007583', '00000007538', 'Grissini in pack = хрустящие палочки в пачке (in kg.)', 'kg'),
('e54acec7-21fa-4a41-9e11-93eb1f6bd763', '00000007735', '00000007733', 'Butter 10 gr = Масло 10гр', 'eigh'),
('e5658576-5edb-478f-a1ff-0eb3235fe009', '00000018549', '00000008249', 'Цыпленок белый 600 гр. Адлер', 'kg'),
('e5b84cb2-e1ec-4d84-adf5-d6ce7a9bb72c', '00000008263', '00000008249', 'Chicken leg=Куриная ножка', 'kg'),
('e5bba644-3e3a-4d8c-9554-208371ca09ef', '00000015544', '00000007733', 'Milk 6% 1l = Молоко 6% 1л', 'l'),
('e5e386fe-dd0b-429a-8cf2-cbd2ea11a4aa', '00000018797', '00000007868', 'Pepper Chilli red = Перец красный острый', 'kg'),
('e5ef8449-3375-4414-a625-6323962d62d1', '00000015888', '00000007538', 'Промо Эклер', 'kg'),
('e611019d-14ac-4eae-ab97-c9aed0cc2390', '00000007973', '00000007961', 'Riceflakes=Рисовые хлопья', 'kg'),
('e682b842-923f-477b-a267-d810466840bb', '00000015472', '00000008125', 'Spice Coriander=кориандр специи', 'kg'),
('e6aebf74-280c-4e8b-a1bc-f8d5907b416e', '00000007995', '00000007978', 'Prune=Чернослив', 'kg'),
('e6c58fc4-54b6-45fb-b83f-425eccf46a41', '00000007928', '00000007923', 'Pea green tinned =Зеленый горошек консервированный', 'kg'),
('e6d277b7-3d7c-40b8-a92c-4ff6de8104d3', '00000007792', '00000007769', 'Lola rossa', 'kg'),
('e6ef1c20-e861-47e4-aa44-92242e91d16e', '00000015470', '00000008125', 'Spice Carnation=гвоздика специи', 'kg'),
('e78bd31a-271e-4e53-87fa-ff485647fbba', '00000015886', '00000007538', 'Кларо', 'kg'),
('e79aa9f9-3ed8-4e29-b81b-072494902120', '00000007780', '00000007769', 'Fennel dill = Фенхель,укроп', 'kg'),
('e7dc3af7-69fb-4b34-9ecb-fc5ab7f9fb78', '00000007823', '00000007808', 'Exotic fruit=экзотический фрукт', 'kg'),
('e801b96c-424a-4012-ad8f-50560e048d1c', '00000016612', '00000008241', 'Pork salo=сало', 'kg'),
('e84f214c-238c-4724-a0c2-081d5c7ef0d3', '00000007927', '00000007923', 'Mushrooms Nameko=грибы Намеко', 'kg'),
('e853dcd2-27e3-49f6-9520-ebd98b503938', '00000008191', '00000008187', 'Sugar brown Radisson Sas 5 gr', 'kg'),
('e8562bba-44a7-442a-bccd-278b672c9092', '00000015961', '00000007733', 'Ice-cream Strawberry = Мороженое ', 'l'),
('e896cee0-39b4-42d9-b110-852553aad31b', '00000007992', '00000007978', 'Pistachio for mini-bar = Фисташки для мини бара', 'kg'),
('e8c19503-a3b9-4ec6-be30-d36125e17d23', '00000007623', '00000007538', 'Черный шоколад', 'kg'),
('e8c82548-14ef-4a88-b6d4-620f5cd8777d', '00000008207', '00000008197', 'Beef rack=говяжьи карбонат', 'kg'),
('e917f86f-b7d9-4baf-b349-d78b56fc801b', '00000008276', '00000008267', 'Sausage smoked = Сосиска копченая', 'kg'),
('e9493531-c4be-41b0-b13a-88e9baab2105', '00000006609', '00000008335', 'Mars=Шоколадный батончик 50 gr', 'eigh'),
('e949fd71-59e6-464d-9192-21e6de081534', '00000008250', '00000008249', 'Chicken baby = цыплята', 'kg'),
('e98a5bdd-5a9f-484e-a6b1-03e2625a3c21', '00000008227', '00000008196', 'Lamb=Баранина,ягненок', NULL),
('e9964774-ed5d-44a6-857d-9e049ddb22e6', '00000007759', '00000007733', 'Молоко 1,5% 1л', 'l'),
('e998256a-6980-4efb-b12d-298e34d168f2', '00000017036', '00000008227', 'Lamb tongue = язык', 'kg'),
('e9d8e3d3-a47b-4911-8d29-01dde6b2e2ff', '00000008126', '00000008125', 'Baking powder=Сахарная пудра', 'kg'),
('ea0d28b5-ef18-46d8-9eda-22aa1bd3d806', '00000018889', '00000007538', 'Danish vanila mini', 'eigh'),
('ea4725ed-5969-4569-b3a9-9a26c44d9d5c', '00000007969', '00000007961', 'Musli=Мюсли', 'kg'),
('eaf37b9f-bb3d-41e6-9f6c-a2865d2777fb', '00000008056', '00000008054', 'Macaroni Makfa 0.45=Макароны Макфа peria 0.45 kg', 'kg'),
('eb0ef19d-3fbf-44f7-a5b2-a3d601ddb79b', '00000018907', '00000008215', 'Kazy smocked=Казы копч.', 'kg'),
('eb2825d3-8ac8-48e0-aa95-ef6843e466ac', '00000018069', '00000008197', 'Говядина тонкий край Stirloin Black Angus', 'kg'),
('eb59b6fc-be9c-4f63-8e1b-9e7ef35b5539', '00000018004', '00000008125', 'Spice Onion powder=луковые специи', 'eigh'),
('eb7e15bb-e75a-4e24-b5e1-f00174e13e60', '00000008382', '00000007769', 'Thume in pot=Тимьян в горшочке', 'eigh'),
('eb8ac9bd-c0a8-4ff4-9dba-ecf407fa4878', '00000017651', '00000008332', 'Cuttle fish = каракатица', 'kg'),
('ebfbaf52-2ce5-4f62-b425-cc3c8d83c4b0', '00000018147', '00000008197', 'Beef rebra=говяжьи ребра', 'kg'),
('ec25910b-08e2-4e12-a4ef-78386f238f02', '00000008265', '00000008249', 'Целый цыпленок =Chicken whole', 'kg'),
('ec629510-123b-4679-8595-b03c08d37f9a', '00000008237', '00000008236', 'Dumplings=вареники', 'kg'),
('ec685149-35ef-4bcd-8df1-7267d71e32e2', '00000015839', '00000007695', 'Cheese coat=козьи сыр', 'kg'),
('ec6d55ee-b202-403f-a080-bc0dbeeb508f', '00000015075', '00000007868', 'Tomato cherry = Томатная паста', 'kg'),
('ec7213ad-b83a-4103-9441-c62598657fff', '00000007549', '00000007538', 'Brownies (PA)', 'eigh'),
('ec90f6c3-a6c5-4461-b66e-737a9368da73', '00000007892', '00000007868', 'Onion = Лук репчатый', 'kg'),
('ecbb6353-e71e-474c-a836-0057268b7a79', '00000007924', '00000007923', 'Artishok=артишок', 'kg'),
('ecd0c371-fdee-448a-8508-2363a384d32c', '00000018793', '00000007538', 'Danish vanila', 'eigh'),
('ecda7e95-9c82-4768-a8d5-6ef939ae47ec', '00000008055', '00000008054', 'Granoro=вермишель 0,5 kg', 'kg'),
('ece81bca-74ed-4465-8574-199c8f522af3', '00000008330', '00000008324', 'Tuna fish 185 gr', 'kg'),
('ed20f728-38af-42d0-b2d1-c2206d915de5', '00000008249', '00000008196', 'Poultry=Домашняя птица', NULL),
('ed4621a3-e494-454a-8f66-44382a8fd5a6', '00000008169', '00000008125', 'Spice Tarragon 0,105 kg=Эстрагон', 'kg'),
('ed72a37c-d1ca-4bc3-af30-31f340adf4bc', '00000007911', '00000007868', 'Капуста китайская не использовать но не удалять!!!', 'kg'),
('edba5e81-4b63-476c-8104-9aa76b26efbd', '00000008337', '00000008335', 'Halibut smoked = Палтус х/к', 'kg'),
('edba5ee3-f1b9-4518-9231-3a9e75e40265', '00000007887', '00000007868', 'Leek=Лук-порей', 'kg'),
('ee585ce7-ef17-4734-af08-88a9e19152a7', '00000018026', '00000007913', 'Cabbage pickled = капуста квашеная', 'kg'),
('eed770ec-a98f-4266-9970-6245325dbd73', '00000007546', '00000007538', 'Berry blue filling=Начинка для пирога', 'kg'),
('ef243bb1-14a7-4991-a684-1e3657ce3f3f', '00000008321', '00000008279', 'Water plant=водоросль (kg)', 'kg'),
('ef4d36be-eb1c-4476-bdad-92c66e025c38', '00000008381', '00000007769', 'Rosemary in pot=Розмарин в горшочке', 'eigh'),
('ef75c4b7-55dd-4da3-a53e-fd2e2cb6a3df', '00000008209', '00000008197', 'Beef tongue=Говяжий язык', 'kg'),
('ef92e8a7-52b5-4f29-b5e7-25e77c0db6dc', '00000008399', '00000007961', 'Cereals Kororlevskoe utro', NULL),
('efc65d70-4a2a-4163-979d-b7f7abcfe050', '00000016318', '00000008054', 'Miso pasta light=светлая', 'kg'),
('efcccb26-1c9a-491b-8ef2-ad3c84656716', '00000018781', '00000007514', 'Bread rzhanoy-хлеб пшенично-ржаной', 'eigh'),
('efd3ca60-c626-4d9b-bd8d-12b454e5ac1e', '00000018266', '00000008197', 'Говядина вырезка Белоруссия-з', 'kg'),
('f00f960b-9326-402f-b3a1-fe12781cc224', '00000007760', '00000007733', 'Молоко 3,2% 1л', 'l'),
('f01fdef2-3351-4112-a285-c4308a2b7816', '00000008244', '00000008241', 'Parma Ham = Пармская ветчина', 'kg'),
('f02b631c-9d25-4095-a91e-94cc5769e5b1', '00000007910', '00000007868', 'Кабачки не использовать но не удалять!!!', 'kg'),
('f041763c-1eaa-43cd-8a59-5f0ffb6db994', '00000008275', '00000008267', 'Sausage beef = Сосиска говяжья', 'kg'),
('f05bb425-6410-4729-b6ba-9101707932d2', '00000008072', '00000008054', 'Pasta Piccolini №66 0.5 kg', 'kg'),
('f05f66d9-5cc6-4033-acef-37fbb03ba399', '00000007711', '00000007695', 'Cheese Galbani Provolony=сыр Гальбани', 'kg'),
('f0cebb1f-9337-4af4-88a7-3f8b150ad551', '00000007518', '00000007514', 'Chiabata=чиабата', 'kg'),
('f0f29e11-736e-4180-8e60-1f840e7115b4', '00000018811', '00000007514', 'Круассан с шоколадом шт', 'eigh'),
('f0fdcf59-28e6-4dd3-805a-68335974d6ca', '00000007608', '00000007538', 'Tortini chocokapli=тортини с шок.каплями', 'kg'),
('f12309cf-b5ff-4f09-b16f-827b125b9d72', '00000018646', '00000008125', 'Panko suhar', 'kg'),
('f17e2fcc-370d-41e0-aa34-52aa93ece6cd', '00000007828', '00000007808', 'Grapefruit = Грейпфрут', 'kg'),
('f1b65eb3-a9b9-4097-8b8d-3715baa9e5a4', '00000007612', '00000007538', 'Waffers cocoa=Шоколадные вафли', 'kg'),
('f23883f2-bf87-4505-96c0-9d59c2757503', '00000008196', '00000000000', 'Meat=Мясо', NULL),
('f25679d2-ae97-40f6-b512-2c4a37d2cd8c', '00000007851', '00000007808', 'Смородина не использовать но не удалять!!!', 'eigh'),
('f274d862-feed-4684-8fc8-286751c874b4', '00000017757', '00000008279', 'Vasabi = васаби', 'kg'),
('f2acf215-a563-4221-9987-2934f4fd5d44', '00000008142', '00000008125', 'Oregano = Орегано', 'kg'),
('f2b51663-6ff7-4006-8a83-6246610d80a8', '00000015024', '00000007913', 'Tomatoes pickled Pelatti = Помидоры маринованные', 'kg'),
('f2d5e93f-4c65-475e-9de1-ad3592d6c566', '00000018105', '00000008125', 'Spice Agar-agar', 'kg'),
('f2d623ad-5f0c-4654-86e4-6642c9d45ccf', '00000007827', '00000007808', 'Grape leaf = Виноградный лист', 'kg'),
('f2ecf111-7fea-4845-9f95-f3f28ee99f32', '00000015563', '00000007538', 'Baking powder=разрыхлитель', 'kg'),
('f32b3915-1477-4874-b98b-fc4dbaad56e7', '00000013295', '00000008249', 'Turkey smoked breast = грудка индейки копченная', 'kg'),
('f3438a6b-9f08-44b2-8225-613920b64d10', '00000008292', '00000008279', 'Frozen Salmon = Лосось мороженый', 'kg'),
('f3446a91-f742-4f77-a0b5-a42bb2a1c9e6', '00000012423', '00000007733', 'Cheese hard=Сыр твердый', 'kg'),
('f391c5e8-cf24-4ae2-bb95-28ee89744884', '00000015278', '00000008054', 'Pasta fetuchini', 'kg'),
('f3cefb3b-545b-43c0-9a43-f42dd2f772e6', '00000007784', '00000007769', 'Lettuce = Лист салата', 'kg'),
('f3e63aa4-21dc-48bb-966b-bab82bac446b', '00000007875', '00000007868', 'Cabbage red = Капуста красная', 'kg'),
('f45c2142-cd60-404d-b0ed-eb908a5b9e9d', '00000007964', '00000007961', 'Chips Nachois=Чипсы Начос', 'eigh'),
('f48cc5fe-9f3e-49fb-9f68-8ec6ffa56048', '00000008349', '00000007695', 'Cheese Aivengo', 'kg'),
('f49aa125-af70-4fbb-8373-0c2811138124', '00000007699', '00000007695', 'Cheese Blue', 'kg'),
('f4d24ce8-aea2-4331-80d6-360ec7a561af', '00000017743', '00000008197', 'Buzhenina smk.', 'kg'),
('f4dee62f-490a-4f78-9663-b73ba55c0b5c', '00000007733', '00000007694', 'Dairy=Молочные продукты', NULL),
('f526a30b-ad67-40fa-938d-a10adda0e31c', '00000008059', '00000008054', 'Noodles egg=Лапша яичная', 'kg'),
('f526ccb5-0299-4cad-a014-0f07230e8cc3', '00000007586', '00000007538', 'Honey comb = мед в сотах', 'eigh'),
('f52b0b56-c472-472f-82d0-94454677cea0', '00000017528', '00000007538', 'Zhele for cakes=желе для тортов', 'kg'),
('f54449a0-414e-4f69-b0cc-47b35ddde569', '00000007832', '00000007808', 'Lime = Лайм', 'kg'),
('f54ad7f6-876b-49e1-9106-a9f8fc161114', '00000018162', '00000007933', 'Chocolate Kazakhstan ', 'kg'),
('f54f65cc-dff4-4678-816c-afa8d75bbca1', '00000008224', '00000008215', 'Shuzhyk=Шужык', 'kg'),
('f5b3b91f-3c5c-4700-9478-40650efe1333', '00000008057', '00000008054', 'Macaroni Makfa 0.45=Макароны Макфа spirals 0.45 kg', 'kg'),
('f5c01c59-3ebb-47ba-8e13-52cecbf6baf6', '00000007835', '00000007808', 'Melon=Сладкая дыня', 'kg'),
('f5f3b10a-2759-46c4-893e-a30276a0a499', '00000007956', '00000007937', 'Горох Айпак 3кг', 'kg'),
('f6055b57-87d5-46c4-b0a9-aff6c4d03f0a', '00000013250', '00000007733', 'Milk 3.2% 1l = Молоко 3,2% 1л', 'l'),
('f62e99b9-ddd6-4a26-b734-907c3611a62d', '00000008000', '00000007978', 'Изюм желтый не использовать но не удалять!!!', 'kg'),
('f64d2170-e093-4252-9c28-2005ad7461c3', '00000015112', '00000007961', 'Sunflower seeds = семечки', 'kg'),
('f68c2020-215e-4417-920f-3f24fb9f1271', '00000017037', '00000008227', 'Lamb kishki = кишки', 'kg'),
('f6e70f3c-e407-463e-8e18-a62e4de199c5', '00000008295', '00000008279', 'Lemon sole = камбала (язык)', 'kg'),
('f71005c0-ddd3-449e-a2ee-0a3ff18e92e7', '00000018149', '00000008197', 'Говядина оковалок Knuckle Black Angus', 'kg'),
('f76f96b3-92dc-49ca-8bb5-ecfc6e60c67d', '00000007793', '00000007769', 'Mint = Мята', 'eigh'),
('f77ff3ac-c39d-44fc-aa68-21a95ea7df34', '00000008243', '00000008241', 'Bacon smoked = Бекон копченый', 'kg'),
('f78391ea-fa99-4e81-98a7-ccf39fafcba0', '00000017856', '00000008227', 'Lamb rubez=бараньи рубец', 'kg'),
('f7bbfa1a-1015-479a-8993-a07cf0a0919a', '00000007858', '00000007855', 'Decorfruit = декоpфрут', 'kg'),
('f8494251-837f-45d2-9818-e81fd0c4b946', '00000008094', '00000008081', 'Oyster sauce', 'l'),
('f8849e77-dd65-444d-aa7d-1523d1f5d88c', '00000008302', '00000008279', 'Pike-perch=Судак', 'kg'),
('f916e889-c66f-463d-ab02-0c067b59c1f4', '00000008271', '00000008267', 'Salami boiled & smoked=Салями варено-копченое', 'kg'),
('f93fbfb4-5dce-40d2-95fd-167bf0acc5a1', '00000008235', '00000008227', 'Бараний курдюк =Lamb fat', 'kg'),
('f955e577-a290-4ca4-8122-e13981b968ca', '00000018679', '00000007514', 'Круассан мини', 'eigh'),
('f98b54c4-c3ad-4557-bade-eb1369db3356', '00000007909', '00000007868', 'Грибы шампиньоны не использовать но не удалять!!!', 'kg'),
('f9b018ff-b0dc-4b39-96e6-871257d2094f', '00000008380', '00000007769', 'Mint in bunch', 'eigh'),
('f9bc271b-0900-4c0c-9710-1434249abcf4', '00000007868', '00000007769', 'Vegetables fresh=Овощи свежие', NULL),
('fa0cbff6-829a-4fae-adf3-6d238095b144', '00000007799', '00000007769', 'Parsley=Петрушка', 'eigh'),
('fa10e0f9-3faf-4f7d-aee1-b0f87aef6662', '00000008148', '00000008125', 'Pepper white corn=перец белый горошек', 'kg'),
('fa3ad6d3-6461-4c46-aaf1-647fb5b0f7c9', '00000007979', '00000007978', 'Almonds = Миндаль', 'kg'),
('fa5d722e-b444-4c55-a9b4-f7709e7a87ad', '00000008336', '00000008335', 'Calamary=Кальмар', 'kg'),
('fa60edba-df0f-4ae7-8ee5-24bc391d980d', '00000008280', '00000008279', 'Barabulka fillet=филе барабульки', 'kg'),
('fae9edf1-b6ad-4a4a-8f5a-265a70cd76fd', '00000008129', '00000008125', 'Bullion = Бульон в кубиках', 'eigh'),
('fb0797f0-ffbb-49ee-b3f6-43fe7ed51f6d', '00000007594', '00000007538', 'Pistachio powder=фисташковая пудра', 'kg'),
('fbc8f906-1979-4e1d-8f61-45c10b051a8e', '00000008139', '00000008125', 'Lotos Priprava Linhua = Лотос Priprava Linhua', 'kg'),
('fc1bfd0a-231d-413b-a6c5-45dc0e8cd6ac', '00000017771', '00000008196', 'Мясо диких животных', NULL),
('fc4138a3-5151-4d8f-8056-eba860462051', '00000014508', '00000007538', 'Biscuit for tiramisu = Печенье для тирамису', 'kg'),
('fc76a202-41a1-4d55-9fb3-22c01850457f', '00000008255', '00000008249', 'Duck breast smoked=Грудка утки копченая', 'kg'),
('fc901a99-19d4-4326-bd4d-c233c73ff484', '00000007773', '00000007769', 'Bean sprout = бобовые ростки', 'kg'),
('fd161dd2-0dce-4f57-a7cf-b284c064b786', '00000018160', '00000007538', 'Praline = пралин', 'kg'),
('fda8a174-cfed-44cd-907a-f35996cdbc52', '00000007811', '00000007808', 'Avocado = Авокадо', 'kg'),
('fde255b7-2bd1-416f-9cd5-7e79a605ffb2', '00000008212', '00000008196', 'Game = дичь', NULL),
('fdf1eb81-f87e-454b-90f9-bc7b4d578688', '00000017790', '00000008215', 'Horse kishki=кишки конина', 'kg'),
('fe3254f0-ac5b-41c1-9a2d-ee5984c2693c', '00000007616', '00000007538', 'Ванильный порошок =Vanilla powder', 'kg'),
('fe69b49a-d8a1-403a-a588-e33280fc1488', '00000007743', '00000007733', 'Milk 2.5% 1.0', 'l'),
('fe835609-23c7-4d86-9ee2-355a2f66b61e', '00000015959', '00000007733', 'Ice-cream Panna Cotta = Мороженое ', 'l'),
('ff161be4-0a78-4c1a-90ad-98006a1b3dfb', '00000007740', '00000007733', 'Kefir natural 835 gr = кефир', 'kg'),
('ff755faf-1407-42ab-9585-b6ee3e12b628', '00000007590', '00000007538', 'Oatmeal choco', 'kg'),
('ff8afa15-9edd-4980-ae6e-4fad3e00f8ef', '00000018908', '00000008267', 'Колбаса Зернистая', 'kg'),
('ff8c934a-96b2-42bd-9419-16f6798ed340', '00000016092', '00000007538', 'Flour polenta=мука кукурузная', 'kg'),
('ff961d6c-275a-45d5-b5f5-632f9f73bf15', '00000008222', '00000008215', 'Kazy=Казы', 'kg'),
('ffd29eae-8a2a-43b5-a2ae-4870266b7d31', '00000008185', '00000008125', 'Сухой бульон не использовать но не удалять!!!', 'kg');

-- --------------------------------------------------------

--
-- Структура таблицы `providers`
--

CREATE TABLE `providers` (
  `ID` int(11) NOT NULL,
  `NAME` varchar(255) NOT NULL
) ENGINE=InnoDB DEFAULT CHARSET=utf8;

--
-- Дамп данных таблицы `providers`
--

INSERT INTO `providers` (`ID`, `NAME`) VALUES
(3, 'METRO'),
(5, 'METRO1111'),
(6, 'METRO1321'),
(1, 'METRO321');

-- --------------------------------------------------------

--
-- Структура таблицы `unit`
--

CREATE TABLE `unit` (
  `CODE` varchar(22) NOT NULL,
  `NAME` varchar(222) NOT NULL
) ENGINE=InnoDB DEFAULT CHARSET=utf8;

--
-- Дамп данных таблицы `unit`
--

INSERT INTO `unit` (`CODE`, `NAME`) VALUES
('eigh', 'шт'),
('kg', 'кг'),
('l', 'л'),
('m', 'м'),
('pack', 'пач');

-- --------------------------------------------------------

--
-- Структура таблицы `users`
--

CREATE TABLE `users` (
  `U_NAME` varchar(255) NOT NULL,
  `U_PASSWORD` varchar(255) NOT NULL,
  `U_DESCRIPTION` varchar(255) NOT NULL
) ENGINE=InnoDB DEFAULT CHARSET=utf8;

--
-- Дамп данных таблицы `users`
--

INSERT INTO `users` (`U_NAME`, `U_PASSWORD`, `U_DESCRIPTION`) VALUES
('admin', '64c5b12b7729e5076eaa577436042951', 's'),
('kitchen', 'e10adc3949ba59abbe56e057f20f883e', ''),
('mysql', 'e10adc3949ba59abbe56e057f20f883e', ''),
('weblogic', 'e10adc3949ba59abbe56e057f20f883e', 'asd');

-- --------------------------------------------------------

--
-- Структура таблицы `user_detail`
--

CREATE TABLE `user_detail` (
  `U_NAME` varchar(255) NOT NULL,
  `FIRSTNAME` varchar(255) DEFAULT NULL,
  `LASTNAME` varchar(255) DEFAULT NULL,
  `MIDDLENAME` varchar(255) DEFAULT NULL,
  `EMAIL` varchar(255) NOT NULL,
  `LOCKED` int(1) NOT NULL DEFAULT '0'
) ENGINE=InnoDB DEFAULT CHARSET=utf8;

--
-- Дамп данных таблицы `user_detail`
--

INSERT INTO `user_detail` (`U_NAME`, `FIRSTNAME`, `LASTNAME`, `MIDDLENAME`, `EMAIL`, `LOCKED`) VALUES
('admin', 'asd', 'asd', 'asdasd', 'abzal_amanzhol_94@mail.ru', 0),
('kitchen', 'кухня', 'кухня', 'кухня', '', 0),
('mysql', 'Test', 'Test', 'Test', '', 0),
('weblogic', '????asdsa', '???dasd', '', '', 1);

--
-- Индексы сохранённых таблиц
--

--
-- Индексы таблицы `email_detail`
--
ALTER TABLE `email_detail`
  ADD PRIMARY KEY (`id`),
  ADD UNIQUE KEY `id` (`id`);

--
-- Индексы таблицы `email_message`
--
ALTER TABLE `email_message`
  ADD PRIMARY KEY (`ID`);

--
-- Индексы таблицы `groupmembers`
--
ALTER TABLE `groupmembers`
  ADD PRIMARY KEY (`ID`);

--
-- Индексы таблицы `groups`
--
ALTER TABLE `groups`
  ADD PRIMARY KEY (`G_NAME`);

--
-- Индексы таблицы `msg_template`
--
ALTER TABLE `msg_template`
  ADD PRIMARY KEY (`ID`);

--
-- Индексы таблицы `orders`
--
ALTER TABLE `orders`
  ADD PRIMARY KEY (`id`);

--
-- Индексы таблицы `order_detail`
--
ALTER TABLE `order_detail`
  ADD PRIMARY KEY (`id`);

--
-- Индексы таблицы `parse`
--
ALTER TABLE `parse`
  ADD PRIMARY KEY (`id`),
  ADD KEY `PROVIDERS_ID` (`PROVIDERS_ID`),
  ADD KEY `UNIT_CODE` (`UNIT_CODE`),
  ADD KEY `PRODUCTS_ID` (`PRODUCTS_ID`);

--
-- Индексы таблицы `products`
--
ALTER TABLE `products`
  ADD PRIMARY KEY (`ID`),
  ADD KEY `products_ibfk_1` (`UNIT_ID`);

--
-- Индексы таблицы `providers`
--
ALTER TABLE `providers`
  ADD PRIMARY KEY (`ID`),
  ADD UNIQUE KEY `NAME` (`NAME`);

--
-- Индексы таблицы `unit`
--
ALTER TABLE `unit`
  ADD PRIMARY KEY (`CODE`);

--
-- Индексы таблицы `users`
--
ALTER TABLE `users`
  ADD PRIMARY KEY (`U_NAME`);

--
-- Индексы таблицы `user_detail`
--
ALTER TABLE `user_detail`
  ADD PRIMARY KEY (`U_NAME`);

--
-- AUTO_INCREMENT для сохранённых таблиц
--

--
-- AUTO_INCREMENT для таблицы `groupmembers`
--
ALTER TABLE `groupmembers`
  MODIFY `ID` int(11) NOT NULL AUTO_INCREMENT, AUTO_INCREMENT=89;
--
-- AUTO_INCREMENT для таблицы `providers`
--
ALTER TABLE `providers`
  MODIFY `ID` int(11) NOT NULL AUTO_INCREMENT, AUTO_INCREMENT=7;
--
-- Ограничения внешнего ключа сохраненных таблиц
--

--
-- Ограничения внешнего ключа таблицы `parse`
--
ALTER TABLE `parse`
  ADD CONSTRAINT `parse_ibfk_1` FOREIGN KEY (`PROVIDERS_ID`) REFERENCES `providers` (`ID`) ON UPDATE CASCADE,
  ADD CONSTRAINT `parse_ibfk_2` FOREIGN KEY (`UNIT_CODE`) REFERENCES `unit` (`CODE`) ON UPDATE CASCADE,
  ADD CONSTRAINT `parse_ibfk_3` FOREIGN KEY (`PRODUCTS_ID`) REFERENCES `products` (`ID`) ON UPDATE CASCADE;

--
-- Ограничения внешнего ключа таблицы `products`
--
ALTER TABLE `products`
  ADD CONSTRAINT `products_ibfk_1` FOREIGN KEY (`UNIT_ID`) REFERENCES `unit` (`CODE`) ON UPDATE CASCADE;

--
-- Ограничения внешнего ключа таблицы `user_detail`
--
ALTER TABLE `user_detail`
  ADD CONSTRAINT `user_detail_ibfk_1` FOREIGN KEY (`U_NAME`) REFERENCES `users` (`U_NAME`);

/*!40101 SET CHARACTER_SET_CLIENT=@OLD_CHARACTER_SET_CLIENT */;
/*!40101 SET CHARACTER_SET_RESULTS=@OLD_CHARACTER_SET_RESULTS */;
/*!40101 SET COLLATION_CONNECTION=@OLD_COLLATION_CONNECTION */;
